age,hrNo,jkNo,owNo,rcDist,sex,trNo,track,weather,wgHr,winOdds,rcNo,rcDate,hrName,meet,rcTime,predicted_time
3,45358,80366,110002,1200,3,70149,3,1,465,10.2,1,20230226,럭키바운스,서울,76.4,76.043991644663
3,46345,80562,110016,1200,2,70091,3,1,456,26.4,1,20230226,클럽디,서울,76.4,76.09686999796725
3,45951,80513,65118,1200,3,70177,3,1,463,1.2,1,20230226,나인이글,서울,76.6,76.14850636233618
3,45419,80473,104112,1200,1,70225,3,1,487,51.9,1,20230226,성실인동,서울,76.9,75.89035556212774
3,45735,80584,121005,1200,1,70164,3,1,440,30.3,1,20230226,클레어퀸,서울,77.1,76.20685149617962
3,46620,80337,65160,1200,1,70110,3,1,441,13.7,1,20230226,총알커널,서울,77.3,76.18852677801566
3,46390,80476,104102,1200,2,70160,3,1,429,34.1,1,20230226,검의전설,서울,77.3,76.44882443293446
3,45274,80438,105249,1200,1,70117,3,1,474,43.3,1,20230226,걸작투어,서울,77.7,75.8387191977588
3,45319,80603,106272,1200,2,70165,3,1,503,36.8,1,20230226,콜리타스,서울,77.7,75.8387191977588
3,46161,80100,30028,1200,1,70167,3,1,450,37.9,1,20230226,그래티튜드,서울,77.8,76.14850636233618
3,45390,80342,10254,1200,1,70170,3,1,444,42.2,1,20230226,지니어스퀸,서울,78.0,76.29697550937799
3,45824,80512,106272,1200,3,70157,3,1,441,187.2,1,20230226,트롤,서울,78.4,76.13689041364673
3,45750,80608,10644,1300,1,70200,3,1,456,47.6,2,20230226,마하비상,서울,83.3,82.71231173665129
3,45648,80339,113030,1300,1,70167,3,1,450,2.0,2,20230226,사려니티케,서울,83.6,82.66067537228236
3,45249,80593,119036,1300,1,70145,3,1,478,7.4,2,20230226,스마티글로리,서울,83.7,82.40252457207392
3,45791,80515,116057,1300,1,70091,3,1,460,14.5,2,20230226,바로챔피언,서울,83.8,82.66067537228236
3,46305,80582,65127,1300,1,70265,3,1,461,26.2,2,20230226,뷰티풀멜로디,서울,84.2,82.71231173665129
3,45987,80513,109029,1300,1,70225,3,1,485,8.1,2,20230226,에이스티아라,서울,84.3,82.40252457207392
3,45380,80487,216306,1300,1,70144,3,1,445,9.2,2,20230226,히어로퀸,서울,84.6,82.66067537228236
3,46557,80603,104069,1300,1,70165,3,1,480,68.3,2,20230226,상임대표,서울,84.8,82.45416093644285
3,45919,80342,10205,1300,1,70110,3,1,440,6.9,2,20230226,강철여걸,서울,85.0,82.930741966226
3,45466,80438,10486,1300,1,70108,3,1,449,12.0,2,20230226,플랜비,서울,85.3,82.82076046801362
4,44516,80582,114024,1700,3,70152,3,1,503,8.5,3,20230226,쌍옥루,서울,114.0,112.31338029545827
5,42261,80609,10498,1700,1,70096,3,1,434,28.6,3,20230226,원더풀하와이,서울,114.6,112.89301833854648
4,44134,80552,65096,1700,3,70161,3,1,472,56.0,3,20230226,유로강자,서울,114.7,112.3650166598272
4,44601,80361,110034,1700,2,70167,3,1,498,2.5,3,20230226,유레카,서울,115.0,112.31338029545827
4,44091,80533,104011,1700,2,70197,3,1,505,7.5,3,20230226,카미노,서울,115.1,112.3650166598272
4,44817,80100,65067,1700,3,70145,3,1,473,11.5,3,20230226,새로운빛깔,서울,115.3,112.3650166598272
5,42537,80337,112007,1700,2,70170,3,1,506,5.6,3,20230226,후이넘,서울,115.3,112.18779537220463
4,43944,80473,121048,1700,2,70166,3,1,489,11.5,3,20230226,퍼스트슈,서울,115.4,112.31338029545827
4,44622,80486,10642,1700,1,70110,3,1,456,8.0,3,20230226,스피어퀸,서울,116.0,112.5702891067314
3,46296,80122,110050,1700,1,70145,3,1,496,23.4,3,20230226,배다리공주,서울,116.7,112.31338029545827
4,44899,80434,121052,1700,3,70115,3,1,480,56.0,3,20230226,대륜함성,서울,118.2,112.31338029545827
4,43752,80603,104121,1700,1,70165,3,1,420,83.2,3,20230226,성불축제,서울,128.1,112.87060717732967
4,44004,80487,216306,1300,2,70144,3,1,473,2.8,4,20230226,런던스카이,서울,81.7,82.40252457207392
3,45238,80608,111006,1300,2,70200,3,1,474,9.8,4,20230226,짜릿한자유,서울,82.0,82.40252457207392
4,44303,80584,104040,1300,2,70200,3,1,476,9.9,4,20230226,희망챔프,서울,82.1,82.45416093644285
3,46010,80576,121018,1300,2,70163,3,1,467,8.7,4,20230226,록임팩트,서울,82.4,82.40252457207392
4,44029,80100,119028,1300,3,70198,3,1,468,17.6,4,20230226,로즈골드,서울,82.6,82.40252457207392
4,43754,80547,117025,1300,2,70179,3,1,499,7.5,4,20230226,파워케이,서울,83.1,82.40252457207392
4,44239,80513,121022,1300,1,70182,3,1,481,6.7,4,20230226,질주대세,서울,83.1,82.40252457207392
4,43845,80103,105168,1300,2,70103,3,1,475,9.2,4,20230226,세인트루카,서울,83.4,82.40252457207392
3,45327,80533,117012,1300,1,70197,3,1,455,14.6,4,20230226,그린실드,서울,83.4,82.66067537228236
5,42293,80530,116049,1300,2,70181,3,1,503,46.8,4,20230226,빅에너지,서울,83.6,82.33639699433877
4,44010,80552,121005,1300,1,70225,3,1,464,47.7,4,20230226,하이파크,서울,83.8,82.6077970189781
5,43338,80515,105158,1300,3,70146,3,1,464,51.0,4,20230226,티즈파이팅,서울,87.9,82.54166944124296
4,43928,80476,117016,1400,2,70108,3,1,496,7.8,5,20230226,우청륭,서울,88.1,88.80730156672158
5,42680,80547,117013,1400,3,70145,3,1,456,35.4,5,20230226,새내황제,서울,88.5,88.99932478919487
3,45307,80487,121014,1400,2,70164,3,1,472,1.9,5,20230226,럭키파워,서울,88.7,88.80730156672158
4,44869,80513,106148,1400,1,70170,3,1,508,9.4,5,20230226,고져스서브,서울,88.8,88.80730156672158
4,44732,80438,106272,1400,3,70157,3,1,486,7.8,5,20230226,고마나루,서울,89.0,88.80730156672158
4,43897,80562,116057,1400,1,70091,3,1,468,22.1,5,20230226,빛의대륙,서울,89.2,88.80730156672158
5,42055,80512,121048,1400,3,70166,3,1,491,28.2,5,20230226,스타크레이지,서울,89.3,88.74117398898643
4,43936,80530,10421,1400,2,70175,3,1,467,36.4,5,20230226,블루인디,서울,89.3,88.96738666245284
4,44910,80103,121026,1400,3,70103,3,1,431,9.6,5,20230226,용천지상,서울,89.5,89.3657704375283
5,43407,80578,10226,1400,2,70177,3,1,456,58.0,5,20230226,럭셔리킹,서울,89.5,89.1909897269959
7,39463,80603,119016,1400,3,70163,3,1,461,35.1,5,20230226,대마지풍,서울,90.0,88.99932478919487
3,45894,80473,121057,1400,2,70110,3,1,533,15.3,5,20230226,미스윈스타,서울,90.2,88.80730156672158
5,42332,80361,113041,1400,3,70167,3,1,487,1.5,6,20230226,스카이망치,서울,88.3,88.74117398898643
5,45454,80513,112007,1400,3,70170,3,1,530,7.9,6,20230226,파노라마칸,서울,88.3,88.74117398898643
7,39577,80593,118005,1400,1,70149,3,1,456,14.5,6,20230226,사이먼퀸,서울,88.4,88.99932478919487
6,43532,80578,118003,1400,3,70164,3,1,498,10.3,6,20230226,제이에스군주,서울,88.9,88.74117398898643
6,43631,80487,105222,1400,2,70095,3,1,497,12.1,6,20230226,문학드림,서울,89.2,88.74117398898643
5,45147,80473,10815,1400,2,70148,3,1,472,19.0,6,20230226,두손멍군,서울,89.3,88.79281035335536
6,43513,80434,113007,1400,3,70168,3,1,520,8.4,6,20230226,로열엘비스,서울,90.3,88.74117398898643
6,43584,80530,111028,1400,2,70199,3,1,456,39.9,6,20230226,풀부스터,서울,90.4,88.99932478919487
3,47375,80476,113038,1800,2,70108,3,1,508,2.0,7,20230226,럭키선,서울,119.3,118.53533170766816
4,43725,80582,10516,1800,3,70244,3,1,486,3.6,7,20230226,남산호랑이,서울,119.4,117.49875530080801
5,43220,80339,104154,1800,2,70167,3,1,536,8.0,7,20230226,스위트주스바,서울,119.7,117.31621148067218
4,44546,80533,65096,1800,2,70150,3,1,506,16.9,7,20230226,금성환희,서울,120.9,117.44179640392582
5,43400,80473,105231,1800,3,70163,3,1,478,18.6,7,20230226,금세다,서울,120.9,117.26457511630325
4,43699,80337,122009,1800,3,70094,3,1,490,8.0,7,20230226,한강돌풍,서울,121.3,117.39016003955689
3,45351,80122,104038,1800,2,70161,3,1,483,10.3,7,20230226,큐피드워리어,서울,122.7,117.44179640392582
5,42132,80608,106017,1800,2,70166,3,1,0,0.0,7,20230226,라스트보스,서울,0.0,4.483660308368291
6,43466,80608,106255,1600,3,70110,3,1,489,15.5,8,20230226,더트서퍼,서울,101.8,100.87658256694738
4,43796,80582,111053,1600,2,70265,3,1,496,7.3,8,20230226,더리퍼,서울,101.9,101.00216749020102
5,42309,80529,116049,1600,3,70148,3,1,475,8.8,8,20230226,영웅대마,서울,102.0,100.87658256694738
6,40511,80438,121019,1600,3,70182,3,1,463,9.5,8,20230226,송암티즈,서울,102.5,101.13473336715582
4,44475,80487,110028,1600,1,70167,3,1,501,7.4,8,20230226,플라잉아테나,서울,102.7,101.00216749020102
4,44473,80103,122009,1600,3,70094,3,1,476,1.8,8,20230226,한강보스,서울,102.9,101.00216749020102
5,42487,80515,112007,1600,2,70170,3,1,482,48.1,8,20230226,천둥세자,서울,103.3,100.87658256694738
5,42577,80533,10641,1600,1,70174,3,1,463,34.3,8,20230226,블랙루키,서울,103.4,101.18636973152475
6,40925,80122,104038,1600,3,70053,3,1,495,17.5,8,20230226,큐피드코리아,서울,104.5,100.92821893131631
6,41857,80434,104040,1600,2,70225,3,1,489,28.5,8,20230226,퍼스트드림,서울,104.9,100.92821893131631
3,46551,80576,105222,1200,1,70163,3,1,505,11.6,9,20230226,피닉스서브,서울,74.9,75.8387191977588
3,46184,80593,104112,1200,1,70265,3,1,450,8.6,9,20230226,성실공주핑크,서울,75.2,76.14850636233618
3,45763,80476,117038,1200,1,70181,3,1,459,6.5,9,20230226,금아얼루어,서울,75.2,76.09686999796725
4,44846,80438,65133,1200,1,70166,3,1,470,39.9,9,20230226,아치메모리,서울,75.7,75.89035556212774
3,45957,80529,10815,1200,1,70148,3,1,479,5.8,9,20230226,두손클래식,서울,75.9,75.89035556212774
4,43797,80366,214774,1200,1,70182,3,1,488,3.7,9,20230226,케이엔올드퀸,서울,76.0,75.8387191977588
3,46015,80513,117025,1200,1,70091,3,1,449,8.8,9,20230226,글로리케이,서울,76.2,76.09686999796725
5,42876,80578,121003,1200,1,70053,3,1,455,22.1,9,20230226,런던퀸,서울,76.3,75.94871122003342
3,45994,80486,121003,1200,1,70144,3,1,431,29.8,9,20230226,런던에이스,서울,76.7,76.39718806856553
3,46338,80103,105161,1200,1,70094,3,1,443,6.9,9,20230226,테이크뮤직,서울,76.7,76.13689041364673
4,44129,80552,104074,1200,1,70199,3,1,433,32.5,9,20230226,비플라워,서울,77.3,76.44882443293446
3,45820,80487,122001,1200,1,70115,3,1,455,17.3,9,20230226,칠산대교,서울,78.6,76.09686999796725
5,42410,80562,112270,1200,3,70175,3,1,492,4.8,10,20230226,바잉블레이드,서울,74.7,75.69056041982498
5,42939,80337,105211,1200,2,70085,3,1,464,3.1,10,20230226,거센돌풍,서울,74.9,75.89583286672917
4,45107,80122,104038,1200,1,70053,3,1,516,7.9,10,20230226,큐피드점보,서울,75.2,75.89035556212774
4,43977,80584,106025,1200,1,70095,3,1,473,11.4,10,20230226,라온더위켄드,서울,75.4,75.8387191977588
4,43997,80339,121010,1200,3,70197,3,1,472,18.6,10,20230226,나올영웅,서울,75.7,75.8387191977588
4,44028,80513,106296,1200,2,70174,3,1,450,19.7,10,20230226,톱클래스,서울,75.8,76.09686999796725
3,45434,80582,109017,1200,2,70152,3,1,468,30.6,10,20230226,천마챗,서울,75.8,75.8387191977588
5,43007,80515,10011,1200,1,70114,3,1,490,34.3,10,20230226,대세만세,서울,76.1,75.882225357626
4,44015,80603,105161,1200,1,70114,3,1,477,23.7,10,20230226,웰빙챔피언,서울,76.3,75.8387191977588
4,43864,80593,114018,1200,3,70265,3,1,435,5.2,10,20230226,아마존킹,서울,76.6,76.39718806856553
4,43477,80608,105113,1200,1,70165,3,1,495,11.8,10,20230226,매직그레이스,서울,77.3,75.89035556212774
6,40458,80434,110058,1200,3,70103,3,1,456,46.8,10,20230226,스카이퓨처,서울,79.2,75.94871122003342
6,43608,80608,110034,1200,2,70179,3,1,494,2.2,11,20230226,어마어마,서울,73.0,75.69056041982498
5,42917,80366,111044,1200,2,70200,3,1,521,3.5,11,20230226,장산레이저,서울,73.6,75.69056041982498
8,39909,80582,10496,1200,3,70181,3,1,518,15.6,11,20230226,모르피스,서울,73.7,76.17313208252774
6,40530,80533,10806,1200,1,70197,3,1,449,117.1,11,20230226,연희일출,서울,73.7,76.00034758440235
6,43574,80593,10352,1200,2,70167,3,1,472,58.5,11,20230226,아이언삭스,서울,73.7,75.882225357626
6,40349,80487,114028,1200,3,70164,3,1,506,9.7,11,20230226,클린업해피,서울,73.8,75.69056041982498
6,40909,80603,110003,1200,3,70165,3,1,494,6.6,11,20230226,이스트제트,서울,74.0,75.69056041982498
6,40517,80438,118001,1200,2,70170,3,1,505,12.5,11,20230226,메니히어로,서울,74.1,75.69056041982498
7,41697,80434,10801,1200,3,70225,3,1,516,55.7,11,20230226,엠제이파워,서울,74.2,75.74219678419391
4,44527,80530,111067,1200,3,70181,3,1,474,38.1,11,20230226,포에버드림,서울,74.3,75.8387191977588
7,38763,80584,10244,1200,3,70200,3,1,512,93.0,11,20230226,플래티넘유로,서울,74.5,75.882225357626
7,41700,80122,104038,1200,3,70115,3,1,439,27.8,11,20230226,큐피드가이,서울,74.7,76.18160630982119
3,46465,80513,106025,1200,2,70095,3,1,469,28.5,1,20230225,라온더포인트,서울,75.8,75.8387191977588
3,45847,80473,121021,1200,1,70163,3,1,434,7.1,1,20230225,피닉스클래스,서울,76.3,76.39718806856553
3,46187,80103,106289,1200,3,70094,3,1,508,14.6,1,20230225,월드패션,서울,76.8,75.8387191977588
3,45332,80547,105127,1200,2,70179,3,1,451,4.8,1,20230225,자이언트룰러,서울,77.0,76.14850636233618
3,46541,80608,111006,1200,2,70200,3,1,509,1.5,1,20230225,아르고무적,서울,77.4,75.8387191977588
3,46600,80578,10226,1200,1,70160,3,1,438,339.9,1,20230225,메니참,서울,77.5,76.43821381911735
3,45258,80122,114004,1200,2,70175,3,1,509,16.9,1,20230225,크레이지잭팟,서울,77.7,75.8387191977588
3,45553,80337,109014,1200,2,70085,3,1,436,63.0,1,20230225,선더갤러퍼,서울,77.8,76.39718806856553
3,45364,80530,111067,1200,1,70181,3,1,478,98.1,1,20230225,베스트리치,서울,78.4,75.8387191977588
3,45959,80486,121008,1200,3,70098,3,1,467,18.5,1,20230225,한강차르,서울,78.9,75.8387191977588
3,45996,80515,122001,1200,2,70177,3,1,462,340.6,1,20230225,샤우트쿠로,서울,83.9,76.09686999796725
3,46555,80562,10559,1200,2,70149,3,1,0,0.0,1,20230225,플라잉제스트,서울,0.0,1.708217565271832
3,46163,80366,117016,1200,1,70108,3,1,452,1.7,2,20230225,단디,서울,76.5,76.09686999796725
3,45610,80486,113110,1200,1,70094,3,1,486,2.5,2,20230225,파이널질주,서울,76.6,75.8387191977588
3,45205,80473,10801,1200,1,70179,3,1,437,22.3,2,20230225,엠제이대로,서울,77.5,76.44882443293446
3,45892,80515,118001,1200,1,70170,3,1,416,25.3,2,20230225,글로리앤아너,서울,77.6,76.39718806856553
3,45239,80576,214708,1200,1,70244,3,1,505,58.6,2,20230225,해운대갈매기,서울,77.9,75.8387191977588
3,46383,80434,10606,1200,1,70115,3,1,452,25.6,2,20230225,신풍여걸,서울,77.9,76.14850636233618
3,45410,80438,104038,1200,1,70168,3,1,434,15.8,2,20230225,큐피드시크,서울,78.0,76.44882443293446
3,46152,80337,65034,1200,1,70085,3,1,495,40.8,2,20230225,쏘아라투투,서울,78.6,75.89035556212774
3,46111,80513,10413,1200,1,70095,3,1,454,90.8,2,20230225,메티스선더,서울,79.5,76.25695509369851
3,46169,80547,105234,1200,1,70114,3,1,432,120.5,2,20230225,오키티데이,서울,83.3,76.39718806856553
3,46215,80584,106170,1200,1,70146,3,1,470,0.0,2,20230225,아너로즈,서울,0.0,75.8387191977588
3,45733,80562,10801,1300,2,70179,3,1,465,2.0,3,20230225,하이그랜드,서울,81.9,82.65943338334704
3,45344,80582,105119,1300,1,70165,3,1,504,4.0,3,20230225,아라모아,서울,82.5,82.45416093644285
3,45503,80486,106198,1300,2,70145,3,1,519,12.2,3,20230225,원평축제,서울,84.0,82.40252457207392
3,46137,80476,10587,1300,2,70149,3,1,482,4.0,3,20230225,골드마이티,서울,84.4,82.45416093644285
3,45361,80513,10424,1300,1,70170,3,1,428,70.5,3,20230225,해피홀리데이,서울,84.5,83.1210785386119
3,45891,80512,106148,1300,2,70098,3,1,461,58.2,3,20230225,임페리얼본,서울,84.9,82.66067537228236
3,45624,80547,10801,1300,2,70225,3,1,463,10.2,3,20230225,그랜드실버,서울,84.9,82.71231173665129
3,45432,80530,105208,1300,1,70144,3,1,452,113.4,3,20230225,딘시챔프,서울,86.2,82.66067537228236
3,46334,80533,10252,1300,2,70157,3,1,481,67.3,3,20230225,원더풀남촌,서울,87.2,82.56260966780518
3,52001,80576,113005,1200,1,70160,3,1,449,2.0,4,20230225,마이티룩,서울,74.9,76.09686999796725
3,52033,80366,114026,1200,1,70182,3,1,451,7.8,4,20230225,파워빅토리,서울,75.4,76.09686999796725
3,50789,80476,105222,1200,1,70148,3,1,504,7.4,4,20230225,문학송,서울,75.7,75.8387191977588
3,51585,80103,121008,1200,1,70094,3,1,440,8.8,4,20230225,어카운트,서울,75.9,76.20685149617962
3,51987,80529,10815,1200,1,70148,3,1,467,36.3,4,20230225,두손챔프,서울,76.3,75.89035556212774
3,51985,80578,110034,1200,1,70179,3,1,459,4.4,4,20230225,메디치울프,서울,76.3,76.09686999796725
3,52417,80438,111426,1200,1,70199,3,1,459,24.5,4,20230225,힐링헤이븐,서울,76.5,76.09686999796725
3,50786,80582,121013,1200,1,70103,3,1,460,45.0,4,20230225,미스하이플라이,서울,76.9,76.09686999796725
3,51986,80584,111006,1200,1,70146,3,1,475,26.6,4,20230225,악동아르고,서울,77.1,75.8387191977588
3,50787,80608,121013,1200,1,70145,3,1,453,78.4,4,20230225,미스샤프,서울,78.4,76.09686999796725
3,46156,80529,111007,1200,1,70181,3,1,443,7.4,5,20230225,비트러너,서울,74.4,76.13689041364673
4,44233,80438,119016,1200,2,70168,3,1,516,4.6,5,20230225,은혜,서울,74.7,75.8387191977588
3,46332,80530,10516,1200,3,70244,3,1,503,3.3,5,20230225,블랙모션,서울,74.9,75.99880429349007
4,44478,80473,121021,1200,2,70163,3,1,446,20.7,5,20230225,탱자,서울,75.1,76.09686999796725
3,46082,80486,122013,1200,2,70145,3,1,424,7.1,5,20230225,용비서울,서울,75.4,76.39718806856553
4,44033,80578,10801,1200,2,70164,3,1,489,16.2,5,20230225,베스트전사,서울,75.9,75.89035556212774
4,45155,80434,10226,1200,3,70182,3,1,464,54.3,5,20230225,항구스타,서울,76.0,76.20407674039426
3,45516,80533,117038,1200,2,70197,3,1,503,9.5,5,20230225,금아파이어리,서울,76.1,75.8387191977588
4,43786,80608,65093,1200,2,70157,3,1,501,13.8,5,20230225,스프링워터,서울,76.2,75.89035556212774
4,44218,80562,10298,1200,1,70175,3,1,507,15.1,5,20230225,정상파이팅,서울,76.4,75.99880429349007
5,42535,80103,113110,1200,1,70094,3,1,436,22.6,5,20230225,머니스톤,서울,76.4,76.2490292906317
3,45852,80576,104012,1200,3,70117,3,1,485,30.0,5,20230225,굿카보,서울,77.2,75.89035556212774
4,44802,80530,105249,1300,1,70117,3,1,456,4.0,6,20230225,걸작드림,서울,81.6,82.66067537228236
3,45921,80366,111006,1300,2,70164,3,1,502,6.4,6,20230225,아르고리치,서울,82.0,82.40252457207392
3,46039,80578,104023,1300,2,70091,3,1,441,13.2,6,20230225,머니장군,서울,82.3,82.75233215233077
4,43840,80562,10516,1300,2,70174,3,1,469,13.5,6,20230225,남산무적,서울,82.5,82.56260966780518
3,45622,80339,10352,1300,2,70181,3,1,442,7.7,6,20230225,파워풀삭스,서울,82.5,82.8607808836931
4,44679,80486,113004,1300,2,70053,3,1,469,3.9,6,20230225,비트업,서울,82.6,82.40252457207392
4,43667,80337,118001,1300,2,70170,3,1,495,22.5,6,20230225,메니원더풀,서울,82.7,82.40252457207392
3,45256,80576,10182,1300,2,70117,3,1,498,10.6,6,20230225,멋진강호,서울,82.8,82.56260966780518
4,44392,80533,109017,1300,1,70144,3,1,465,56.2,6,20230225,천은총,서울,83.0,82.6077970189781
4,44156,80593,10637,1300,2,70165,3,1,512,40.6,6,20230225,동방의혼,서울,83.3,82.45416093644285
3,45908,80584,216306,1300,1,70108,3,1,463,19.6,6,20230225,히어로사랑,서울,84.4,82.66067537228236
4,43663,80603,118017,1300,2,70177,3,1,462,12.7,6,20230225,에코존,서울,84.9,82.66067537228236
3,45765,80476,10496,1400,2,70148,3,1,515,2.9,7,20230225,매직아워,서울,88.0,88.96738666245284
3,45564,80103,119022,1400,3,70094,3,1,481,5.5,7,20230225,파워풀화성,서울,88.0,88.80730156672158
4,44624,80487,121049,1400,1,70095,3,1,474,13.6,7,20230225,라온더골드,서울,88.4,88.80730156672158
6,40628,80434,10476,1400,1,70149,3,1,454,26.1,7,20230225,화씨벽,서울,88.6,89.1909897269959
4,44772,80366,104012,1400,2,70117,3,1,473,3.0,7,20230225,굿니센,서울,88.6,88.85893793109051
4,44569,80562,114026,1400,3,70174,3,1,456,34.6,7,20230225,마루마,서울,88.8,89.06545236693002
6,41261,80342,109005,1400,3,70170,3,1,471,21.3,7,20230225,하이퍼카,서울,88.9,88.74117398898643
5,42547,80603,65096,1400,1,70165,3,1,519,15.6,7,20230225,포트스원,서울,89.8,88.79281035335536
5,42297,80547,65118,1400,2,70166,3,1,496,146.8,7,20230225,나인아이,서울,90.0,88.79281035335536
6,41058,80529,10207,1400,3,70181,3,1,497,11.6,7,20230225,서울크라운,서울,90.3,88.93283892678745
5,42291,80337,106198,1400,1,70094,3,1,471,133.3,7,20230225,쇠와꽃,서울,90.8,88.74117398898643
6,41512,80533,106016,1400,1,70150,3,1,476,21.5,7,20230225,피어나다,서울,90.9,88.74117398898643
4,43713,80529,10611,1200,2,70085,3,1,435,5.7,8,20230225,글로벌보배,서울,74.0,76.44882443293446
4,44287,80438,10352,1200,2,70181,3,1,454,28.7,8,20230225,와일드삭스,서울,74.2,76.25695509369851
4,44519,80103,121049,1200,1,70095,3,1,428,2.8,8,20230225,라온더아리아,서울,74.3,76.39718806856553
5,42143,80473,106148,1200,3,70098,3,1,489,5.9,8,20230225,질주본,서울,74.4,75.69056041982498
5,43318,80366,113038,1200,2,70108,3,1,430,9.6,8,20230225,지산군,서울,74.5,76.2490292906317
5,42418,80603,116036,1200,1,70161,3,1,463,8.4,8,20230225,루미너스퀸,서울,74.9,75.94871122003342
5,42738,80342,116049,1200,3,70148,3,1,523,20.9,8,20230225,터프맨,서울,75.0,75.69056041982498
4,43681,80578,111004,1200,2,70164,3,1,475,19.7,8,20230225,유쾌한날들,서울,75.2,75.8387191977588
8,37212,80337,215328,1200,1,70096,3,1,493,73.8,8,20230225,제주의흑선,서울,75.2,75.98146714472672
5,42076,80434,104038,1200,1,70053,3,1,450,39.8,8,20230225,큐피드원더,서울,75.6,76.00034758440235
5,42443,80576,10818,1200,3,70146,3,1,489,6.7,8,20230225,울트라킹,서울,75.7,75.74219678419391
4,44834,80486,117014,1400,1,70145,3,1,488,2.7,9,20230225,그린드래건,서울,87.4,88.80730156672158
5,45110,80122,214774,1400,3,70152,3,1,487,4.1,9,20230225,별나라질주,서울,87.6,88.74117398898643
5,42450,80584,116058,1400,3,70108,3,1,481,7.0,9,20230225,폭스파워,서울,88.0,88.74117398898643
7,41786,80476,121013,1400,2,70148,3,1,488,14.6,9,20230225,인천캡틴,서울,88.1,88.74117398898643
7,41796,80547,30028,1400,2,70167,3,1,479,26.9,9,20230225,더스파이커,서울,88.2,88.79281035335536
5,42354,80582,119017,1400,2,70244,3,1,457,8.0,9,20230225,벌말대장,서울,88.3,88.99932478919487
5,45122,80533,10496,1400,3,70164,3,1,560,30.4,9,20230225,시리우스에이,서울,89.8,88.93283892678745
5,43405,80576,10226,1400,2,70160,3,1,456,4.3,9,20230225,시크릿보스,서울,90.1,89.1909897269959
3,45243,80562,110034,1700,2,70200,3,1,470,2.3,10,20230225,울트라갤럭시,서울,112.5,112.31338029545827
5,43398,80547,65160,1700,2,70179,3,1,493,29.9,10,20230225,블랙참,서울,113.1,112.23943173657356
5,43434,80515,104148,1700,1,70091,3,1,468,79.4,10,20230225,다울퀸,서울,113.2,112.23943173657356
4,44555,80486,121011,1700,2,70094,3,1,493,3.0,10,20230225,옥천최강,서울,113.3,112.31338029545827
6,40582,80337,119021,1700,1,70110,3,1,460,29.1,10,20230225,해피나이스,서울,113.3,112.39306781910882
5,42498,80366,106296,1700,3,70225,3,1,479,4.5,10,20230225,원더풀조이,서울,113.3,112.18779537220463
6,41249,80473,121021,1700,3,70163,3,1,501,14.1,10,20230225,리얼팩,서울,114.2,112.18779537220463
4,44111,80608,116036,1700,2,70098,3,1,449,12.3,10,20230225,러너몬스터,서울,114.7,112.51865274236246
4,44115,80578,109017,1700,1,70152,3,1,444,48.5,10,20230225,천송이,서울,116.0,112.55867315804194
4,45101,80603,10226,1700,1,70160,3,1,452,73.0,10,20230225,콰이어트참,서울,117.2,112.87639912441188
4,44092,80593,10559,1800,2,70149,3,1,500,4.0,11,20230225,빅스고,서울,116.2,117.44179640392582
4,44400,80486,121008,1800,2,70094,3,1,478,4.2,11,20230225,한강의기상,서울,116.3,117.39016003955689
6,43452,80366,109016,1800,3,70168,3,1,521,8.8,11,20230225,돌아온뽀빠이,서울,116.4,117.26457511630325
5,44749,80584,111044,1800,3,70200,3,1,510,12.0,11,20230225,장산미사일,서울,117.6,117.26457511630325
6,41356,80342,10159,1800,2,70181,3,1,483,34.3,11,20230225,에이스함성,서울,117.6,117.71335868594092
4,43851,80576,113005,1800,2,70160,3,1,463,8.3,11,20230225,마이티굿,서울,117.8,117.43349555032137
5,46505,80103,105113,1800,3,70165,3,1,502,3.9,11,20230225,노던타임,서울,118.4,117.31621148067218
8,37662,80578,65110,1800,3,70091,3,1,490,72.2,11,20230225,머니지프,서울,118.7,117.31621148067218
5,45051,80476,105222,1800,2,70145,3,1,468,19.2,11,20230225,문학문,서울,118.8,117.26457511630325
7,41653,80582,113135,1800,3,70265,3,1,495,22.4,11,20230225,액티몬,서울,120.0,117.26457511630325
5,45045,80434,109027,1800,2,70168,3,1,497,63.7,11,20230225,발베니,서울,120.3,117.26457511630325
6,41867,80562,114026,1800,3,70200,3,1,479,33.8,11,20230225,스프링킹,서울,122.1,117.26457511630325
3,45349,80122,105151,1300,1,70161,3,2,476,1.6,1,20230219,엘리트로열,서울,82.7,82.40252457207392
3,45719,80608,117016,1300,1,70108,3,2,485,22.0,1,20230219,달금,서울,83.4,82.40252457207392
3,45897,80584,111006,1300,1,70146,3,2,478,4.1,1,20230219,다시태어나도,서울,83.6,82.40252457207392
3,45967,80550,106112,1300,1,70181,3,2,444,41.0,1,20230219,디바인평화,서울,83.8,82.70069578796183
3,45776,80103,111051,1300,1,70144,3,2,443,6.1,1,20230219,세명레이디,서울,84.3,82.70069578796183
3,45851,80515,121051,1300,1,70110,3,2,459,59.0,1,20230219,은성사랑,서울,84.5,82.66067537228236
3,45546,80361,111053,1300,1,70149,3,2,455,24.7,1,20230219,퍼스트유저,서울,84.7,82.66067537228236
3,46299,80603,122004,1300,1,70165,3,2,495,75.7,1,20230219,베아트리스,서울,85.0,82.40252457207392
3,45924,80438,10298,1300,1,70175,3,2,502,32.7,1,20230219,정상럭키,서울,85.5,82.56260966780518
3,45922,80587,110028,1300,1,70167,3,2,491,65.9,1,20230219,플라잉점프,서울,86.6,82.40252457207392
3,46378,80339,121010,1300,1,70199,3,2,424,57.7,1,20230219,나올스카이,서울,87.2,82.96099344288064
3,45856,80476,111044,1200,2,70200,3,2,464,1.8,2,20230219,장산스포,서울,74.4,76.043991644663
3,45334,80576,110050,1200,3,70160,3,2,472,4.2,2,20230219,배다리왕자,서울,75.9,75.8387191977588
3,46323,80550,65122,1200,2,70181,3,2,506,14.0,2,20230219,밴프,서울,76.5,75.89035556212774
3,45607,80530,111006,1200,2,70146,3,2,459,105.8,2,20230219,광치기,서울,76.5,76.09686999796725
3,46216,80603,109312,1200,1,70053,3,2,467,4.0,2,20230219,루비어게인,서울,76.9,75.8387191977588
3,45889,80552,118001,1200,1,70161,3,2,464,26.8,2,20230219,네모스피릿,서울,78.4,76.043991644663
3,50020,80512,109017,1200,1,70144,3,2,453,102.2,2,20230219,천운챗,서울,78.4,76.09686999796725
3,46385,80608,117024,1200,1,70108,3,2,411,204.2,2,20230219,가나드림,서울,78.4,76.39718806856553
3,46523,80547,10551,1200,2,70198,3,2,456,175.5,2,20230219,우승탑,서울,78.4,76.25695509369851
3,46603,80515,122001,1200,2,70177,3,2,460,19.1,2,20230219,아가판서스,서울,78.6,76.09686999796725
3,45561,80582,119027,1200,1,70199,3,2,411,215.0,2,20230219,브라이트러닝,서울,79.1,76.39718806856553
3,45718,80438,117025,1200,2,70175,3,2,490,42.1,2,20230219,버터케이,서울,80.2,75.8387191977588
4,44025,80576,111006,1200,1,70146,3,1,487,1.1,3,20230219,한가위선물,서울,75.1,75.8387191977588
3,45585,80515,116045,1200,2,70145,3,1,476,38.7,3,20230219,실버부스터,서울,76.1,75.8387191977588
4,43657,80342,106198,1200,3,70148,3,1,472,71.1,3,20230219,원평스카이,서울,77.1,75.8387191977588
4,43812,80598,65093,1200,1,70157,3,1,441,22.6,3,20230219,매직모카신,서울,77.2,76.18852677801566
4,44024,80552,121019,1200,3,70199,3,1,504,54.7,3,20230219,티즈로켓,서울,77.3,75.8387191977588
4,44803,80582,121013,1200,1,70145,3,1,450,14.1,3,20230219,베스트플랜,서울,77.7,76.09686999796725
3,45786,80473,121049,1200,1,70095,3,1,443,17.5,3,20230219,라온점프,서울,78.2,76.13689041364673
4,44572,80587,113134,1200,2,70199,3,1,447,35.5,3,20230219,아임포스원,서울,78.3,76.09686999796725
4,44464,80337,109004,1200,1,70098,3,1,495,97.8,3,20230219,거문,서울,78.5,75.8387191977588
3,45901,80513,110007,1200,1,70152,3,1,438,65.0,3,20230219,에이스퀸,서울,78.6,76.27812872338609
4,44296,80512,113008,1200,1,70166,3,1,479,48.4,3,20230219,주얼리베스트,서울,78.9,75.8387191977588
3,45242,80434,214958,1200,1,70096,3,1,448,22.7,3,20230219,문더스트,서울,80.3,76.09686999796725
4,44830,80562,10516,1400,3,70174,3,1,473,14.5,4,20230219,마이왕자,서울,89.5,88.96738666245284
4,43935,80578,10542,1400,1,70152,3,1,408,44.0,4,20230219,대천챔프,서울,89.6,89.52585553325956
3,45339,80342,113110,1400,2,70170,3,1,488,4.0,4,20230219,파이널축제,서울,90.1,88.80730156672158
4,44105,80361,111002,1400,3,70146,3,1,496,4.9,4,20230219,스탠바이미,서울,90.3,88.80730156672158
4,44900,80435,121053,1400,3,70115,3,1,461,7.2,4,20230219,퍼플스톰,서울,90.5,89.06545236693002
3,46616,80473,65160,1400,2,70167,3,1,539,3.4,4,20230219,고스트참,서울,90.5,88.85893793109051
4,44017,80550,121019,1400,2,70168,3,1,543,39.0,4,20230219,송암레전드,서울,91.0,88.80730156672158
5,43311,80476,121003,1400,3,70108,3,1,458,7.4,4,20230219,바다의꿈,서울,91.1,88.99932478919487
4,44173,80582,65118,1400,1,70225,3,1,482,35.0,4,20230219,스타프린세스,서울,91.5,88.85893793109051
4,43780,80603,121009,1400,2,70148,3,1,459,19.4,4,20230219,황우강자,서울,91.5,89.06545236693002
4,44780,80533,65133,1400,1,70166,3,1,483,75.0,4,20230219,아치리버,서울,91.7,88.85893793109051
3,45275,80547,10418,1400,2,70198,3,1,470,46.7,4,20230219,찬란한폭풍,서울,92.0,88.96738666245284
4,44232,80473,119016,1300,1,70163,3,1,424,18.3,5,20230219,은혜드림,서울,82.0,82.96099344288064
4,44136,80598,65096,1300,1,70164,3,1,423,35.2,5,20230219,금성스피드,서울,82.5,83.01262980724957
4,44796,80608,111007,1300,1,70181,3,1,472,9.8,5,20230219,와일드러너,서울,83.0,82.40252457207392
5,43263,80579,10396,1300,1,70117,3,1,530,6.4,5,20230219,티파니블루,서울,83.0,82.52806193213979
4,43769,80593,214708,1300,1,70103,3,1,423,22.6,5,20230219,탄산,서울,83.1,82.96099344288064
3,46028,80533,65133,1300,1,70197,3,1,476,2.9,5,20230219,티즈인디,서울,83.1,82.45416093644285
4,44048,80339,122009,1300,1,70094,3,1,480,15.6,5,20230219,한강히어로,서울,83.3,82.40252457207392
4,43965,80434,105180,1300,1,70103,3,1,406,49.1,5,20230219,하늘아,서울,83.7,82.96099344288064
4,44599,80513,110034,1300,1,70225,3,1,451,4.3,5,20230219,마파람,서울,83.8,82.66067537228236
4,43708,80476,10611,1300,1,70085,3,1,519,14.2,5,20230219,글로벌프라임,서울,83.9,82.45416093644285
4,44346,80562,10542,1300,1,70174,3,1,435,7.7,5,20230219,이너피스,서울,84.1,83.1210785386119
3,45227,80576,105249,1200,3,70117,3,1,446,4.9,6,20230219,검은질주,서울,75.7,76.09686999796725
3,46188,80562,114026,1200,2,70181,3,1,477,1.7,6,20230219,금빛마,서울,75.9,75.8387191977588
6,41069,80593,30011,1200,2,70177,3,1,464,44.6,6,20230219,스타러시,서울,76.1,75.9474692310981
3,45360,80487,111006,1200,2,70164,3,1,475,23.4,6,20230219,아르고탑,서울,76.5,75.8387191977588
3,45251,80476,10611,1200,2,70085,3,1,464,11.7,6,20230219,글로벌진격,서울,76.6,76.09562800903193
3,45479,80533,109017,1200,1,70144,3,1,451,32.5,6,20230219,천존챗,서울,77.2,76.09686999796725
4,44447,80587,113001,1200,2,70165,3,1,472,74.4,6,20230219,빈체로킹,서울,77.4,75.8387191977588
4,43920,80438,117014,1200,3,70157,3,1,449,37.1,6,20230219,정문파파고,서울,77.5,76.09686999796725
3,45785,80339,104154,1200,1,70167,3,1,474,4.5,6,20230219,아인슈페너,서울,78.1,75.89035556212774
6,41496,80603,121053,1200,3,70117,3,1,467,38.5,7,20230219,광양으뜸,서울,73.9,75.69056041982498
6,41273,80578,119016,1200,1,70163,3,1,467,66.8,7,20230219,은혜충만,서울,74.7,75.69056041982498
6,40621,80584,111006,1200,2,70146,3,1,507,23.9,7,20230219,봄날의기억,서울,74.7,75.69056041982498
4,43901,80593,112270,1200,1,70265,3,1,402,20.3,7,20230219,헤라블레이드,서울,75.1,76.39718806856553
5,43312,80476,216306,1200,1,70108,3,1,459,5.0,7,20230219,드림여왕,서울,75.3,75.94871122003342
4,44510,80579,10503,1200,1,70244,3,1,484,15.1,7,20230219,드림스피드,서울,75.3,75.99880429349007
3,46326,80562,65122,1200,1,70181,3,1,447,1.7,7,20230219,샤인온미,서울,75.8,76.14850636233618
5,42799,80515,117014,1200,1,70145,3,1,479,31.8,7,20230219,그린폭주,서울,75.9,75.69056041982498
5,43160,80342,119034,1200,2,70175,3,1,465,11.8,7,20230219,천비성,서울,76.0,75.89583286672917
5,42703,80530,10418,1200,2,70198,3,1,451,22.0,7,20230219,찬란한날,서울,76.0,76.14037615783444
4,43933,80405,105119,1200,1,70165,3,1,452,12.6,7,20230219,아라챔프,서울,76.2,76.14850636233618
5,43427,80533,10226,1200,1,70157,3,1,482,94.7,7,20230219,대지의여걸,서울,77.1,75.882225357626
6,41251,80337,121021,1600,2,70085,3,1,488,21.5,8,20230219,베스트럭키,서울,101.0,100.87658256694738
5,43123,80473,65122,1600,3,70095,3,1,469,4.7,8,20230219,탑퀄리티,서울,101.0,100.92821893131631
4,44814,80576,214705,1600,2,70165,3,1,523,2.8,8,20230219,티즈바로우즈,서울,101.1,101.00216749020102
5,45657,80342,113005,1600,2,70160,3,1,511,11.6,8,20230219,마이티웰,서울,101.8,100.87658256694738
5,42960,80593,10352,1600,2,70174,3,1,486,22.3,8,20230219,일격필살,서울,101.9,101.0682475047484
6,43604,80434,109027,1600,3,70168,3,1,509,38.7,8,20230219,골든서비스,서울,102.0,100.87658256694738
5,42593,80513,118020,1600,2,70170,3,1,480,6.6,8,20230219,럭키월드,서울,102.1,100.87658256694738
6,40696,80103,104100,1600,1,70152,3,1,484,4.4,8,20230219,부스터로켓,서울,102.7,100.92821893131631
7,38781,80584,121047,1600,3,70244,3,1,498,14.4,8,20230219,최강파티,서울,103.8,100.87658256694738
5,46252,80438,121006,1600,3,70163,3,1,481,37.1,8,20230219,퀵실버키튼,서울,105.3,100.87658256694738
3,46353,80576,118002,1400,1,70117,3,1,479,5.3,9,20230219,라누트,서울,87.8,88.80730156672158
3,46260,80361,10352,1400,1,70167,3,1,516,3.7,9,20230219,영영삭스,서울,87.8,88.96738666245284
4,44049,80103,121008,1400,1,70094,3,1,488,5.7,9,20230219,메니에이스,서울,88.1,88.80730156672158
3,46266,80562,105204,1400,1,70200,3,1,482,10.8,9,20230219,스탈렛,서울,88.6,88.80730156672158
4,44041,80435,111018,1400,1,70115,3,1,455,22.1,9,20230219,라로마네,서울,88.8,89.06545236693002
6,40327,80438,10611,1400,1,70085,3,1,452,16.4,9,20230219,글로벌선,서울,88.9,89.0509611535638
4,45104,80405,116042,1400,1,70179,3,1,475,4.3,9,20230219,제이트로스,서울,90.0,88.80730156672158
6,40998,80547,111050,1400,1,70114,3,1,452,40.4,9,20230219,스페셜스토리,서울,90.4,88.99932478919487
5,45692,80552,114004,1400,1,70161,3,1,457,86.2,9,20230219,더드림캐리어,서울,90.6,88.99932478919487
3,46270,80578,10355,1400,1,70053,3,1,491,20.0,9,20230219,컴플리트엔젤,서울,91.0,88.96738666245284
4,43844,80582,114008,1400,1,70244,3,1,517,13.7,9,20230219,메니골드,서울,91.3,88.80730156672158
4,46520,80593,214708,1400,1,70175,3,1,462,42.5,9,20230219,국제공항,서울,91.6,89.06545236693002
5,42004,80578,30013,1700,2,70110,3,1,528,28.5,10,20230219,빛나는질주,서울,112.8,112.23943173657356
5,42549,80515,114026,1700,2,70146,3,1,468,4.2,10,20230219,선더호스,서울,113.1,112.18779537220463
4,44493,80434,105119,1700,2,70165,3,1,464,16.5,10,20230219,질주에바다,서울,113.1,112.5702891067314
3,45566,80530,10503,1700,2,70244,3,1,520,3.5,10,20230219,자이언트인디,서울,113.2,112.4219755567094
4,43999,80122,117025,1700,2,70175,3,1,458,3.2,10,20230219,데블케이,서울,113.4,112.51865274236246
6,40269,80533,105180,1700,2,70177,3,1,496,11.2,10,20230219,페더럴킹,서울,113.6,112.18779537220463
5,42134,80513,106017,1700,1,70199,3,1,511,9.1,10,20230219,원더풀우먼,서울,113.6,112.18779537220463
5,42376,80598,111007,1700,3,70181,3,1,457,12.3,10,20230219,불화산,서울,113.6,112.39306781910882
5,42962,80562,10496,1700,2,70091,3,1,471,23.3,10,20230219,초인스파크,서울,113.8,112.38742782104401
5,42645,80487,106025,1800,2,70095,3,1,481,1.3,11,20230219,라온더파이터,서울,113.2,117.26457511630325
6,41900,80513,111053,1800,3,70265,3,1,468,58.7,11,20230219,더검푸,서울,115.0,117.26457511630325
7,39498,80342,117014,1800,2,70145,3,1,542,20.0,11,20230219,정문사이,서울,115.8,117.26457511630325
5,44754,80405,121021,1800,3,70197,3,1,465,13.3,11,20230219,흥록대부,서울,116.2,117.30791062706773
8,37703,80476,116049,1800,3,70148,3,1,496,42.6,11,20230219,강토마,서울,116.2,117.26457511630325
7,41659,80547,105239,1800,2,70175,3,1,487,111.7,11,20230219,우리,서울,116.7,117.26457511630325
6,41851,80576,10496,1800,2,70148,3,1,531,10.9,11,20230219,소울메리트,서울,117.1,117.46420756514263
7,41600,80438,112003,1800,3,70244,3,1,509,54.3,11,20230219,갤럽컬린,서울,117.4,117.26457511630325
8,39982,80603,10352,1800,3,70244,3,1,500,35.4,11,20230219,슈퍼삭스,서울,117.6,117.46420756514263
7,38599,80562,111042,1800,2,70182,3,1,502,80.0,11,20230219,허쉬대보,서울,117.8,117.26457511630325
6,40633,80608,121021,1800,2,70197,3,1,472,18.2,11,20230219,흥행질주,서울,118.5,117.26457511630325
5,45131,80530,113005,1800,2,70160,3,1,508,7.8,11,20230219,마이티후,서울,118.8,117.26457511630325
3,45841,80603,106030,1200,1,70165,3,1,457,2.3,1,20230218,리걸하이,서울,76.0,76.09686999796725
3,45603,80122,106255,1200,1,70053,3,1,467,5.7,1,20230218,논스톱선더,서울,76.3,75.8387191977588
3,45279,80608,105243,1200,2,70200,3,1,450,11.2,1,20230218,플라이데이,서울,76.7,76.09686999796725
3,46352,80405,106296,1200,2,70174,3,1,499,15.6,1,20230218,절대가치,서울,77.0,75.8387191977588
3,45203,80530,116053,1200,1,70181,3,1,417,34.4,1,20230218,제로백포,서울,77.1,76.39718806856553
3,45391,80337,109014,1200,2,70085,3,1,477,7.4,1,20230218,선더블루,서울,77.1,75.8387191977588
3,46071,80473,111426,1200,1,70098,3,1,480,84.3,1,20230218,블루아치,서울,77.2,75.8387191977588
3,45905,80584,65012,1200,2,70144,3,1,469,20.3,1,20230218,클로버파티,서울,78.5,75.89035556212774
3,45903,80515,65012,1200,2,70146,3,1,467,5.1,1,20230218,미스터퀄리티,서울,78.5,75.89035556212774
3,45588,80438,65154,1200,2,70166,3,1,482,18.9,1,20230218,시대의명작,서울,78.6,75.89035556212774
3,45725,80550,65118,1200,2,70177,3,1,501,111.3,1,20230218,대왕순간이,서울,79.0,75.89035556212774
3,45280,80598,121049,1200,2,70095,3,1,478,103.9,1,20230218,라온슈퍼킹,서울,79.8,75.8387191977588
3,45541,80339,121010,1200,1,70094,3,1,520,2.9,2,20230218,나올행복,서울,74.8,75.8387191977588
3,46293,80103,111053,1200,1,70149,3,1,471,2.7,2,20230218,동행퍼스트,서울,76.3,75.8387191977588
3,45647,80515,10424,1200,1,70170,3,1,492,97.9,2,20230218,티아모,서울,76.8,75.99880429349007
3,46221,80547,10352,1200,1,70167,3,1,448,80.4,2,20230218,스마트삭스,서울,77.1,76.25695509369851
3,46377,80608,111006,1200,1,70200,3,1,414,95.3,2,20230218,담쟁이아르고,서울,77.3,76.39718806856553
3,45202,80552,104074,1200,1,70199,3,1,463,74.5,2,20230218,슛업스파크,서울,77.5,76.14850636233618
3,46011,80576,111006,1200,1,70164,3,1,473,33.7,2,20230218,열정아르고,서울,77.5,75.8387191977588
3,45870,80122,104038,1200,1,70177,3,1,469,2.6,2,20230218,큐피드챔프,서울,78.4,75.89035556212774
3,46108,80579,119023,1200,1,70146,3,1,495,119.1,2,20230218,신의블루,서울,78.5,75.8387191977588
3,45972,80603,65096,1200,1,70165,3,1,466,17.8,2,20230218,금성리비어,서울,78.6,76.09562800903193
3,45954,80550,65060,1200,1,70168,3,1,435,77.2,2,20230218,백표,서울,79.8,76.44882443293446
3,46596,80587,109017,1200,1,70144,3,1,411,124.3,2,20230218,천권챗,서울,79.9,76.39718806856553
4,44276,80476,116045,1200,1,70170,3,2,467,15.5,3,20230218,랠리퀸,서울,74.9,75.8387191977588
5,43124,80337,65012,1200,3,70144,3,2,464,60.5,3,20230218,클라우터,서울,75.1,75.9474692310981
3,1412364,80339,121010,1200,2,70197,3,2,451,2.0,3,20230218,나올고니,서울,75.6,76.96626618165833
4,43662,80550,110058,1200,2,70177,3,2,498,20.7,3,20230218,로드에이스,서울,76.2,75.8387191977588
4,43918,80562,121005,1200,2,70179,3,2,497,3.2,3,20230218,클레어베스트,서울,76.2,75.8387191977588
5,43290,80434,105163,1200,1,70182,3,2,437,26.1,3,20230218,나나랜드,서울,76.3,76.2490292906317
4,43703,80405,121021,1200,1,70085,3,2,460,5.5,3,20230218,돌배,서울,76.3,76.09686999796725
4,44497,80552,114004,1200,2,70161,3,2,478,26.3,3,20230218,올포유어드림,서울,76.4,75.8387191977588
3,46025,80547,113028,1200,1,70145,3,2,496,19.9,3,20230218,강한퀸,서울,78.6,75.8387191977588
4,44270,80598,105212,1400,1,70164,3,2,473,2.6,4,20230218,더페이버릿,서울,88.6,88.80730156672158
4,43738,80515,112007,1400,1,70170,3,2,465,9.2,4,20230218,트로트퀸,서울,89.4,89.01257401362577
4,44728,80337,106272,1400,1,70098,3,2,458,56.7,4,20230218,희망오름,서울,89.7,89.06545236693002
5,42564,80438,117014,1400,1,70157,3,2,475,5.2,4,20230218,그린필스타,서울,89.9,88.74117398898643
5,42662,80487,119014,1400,1,70167,3,2,463,17.4,4,20230218,델피니,서울,90.0,88.99932478919487
5,42399,80608,110056,1400,1,70199,3,2,449,3.2,4,20230218,퀸오브베스트,서울,90.0,88.99932478919487
4,43821,80434,121052,1400,1,70115,3,2,477,21.1,4,20230218,레이볼트,서울,90.2,88.80730156672158
4,45672,80533,118003,1400,1,70150,3,2,462,34.9,4,20230218,퍼펙트타임,서울,90.3,89.06545236693002
5,43168,80579,106045,1400,1,70117,3,2,487,23.8,4,20230218,브이퀸,서울,91.1,88.74117398898643
6,41396,80578,111051,1400,1,70160,3,2,450,34.5,4,20230218,세명강자,서울,91.4,88.99932478919487
5,42374,80473,121021,1400,1,70163,3,2,479,28.6,4,20230218,엄청난걸,서울,91.5,88.74117398898643
5,42806,80562,65122,1400,1,70200,3,2,0,0.0,4,20230218,인빅터스,서울,0.0,1.453356868396888
3,45323,80550,122001,1400,2,70098,3,2,475,9.0,5,20230218,울프플레이,서울,87.0,88.80730156672158
4,44065,80562,109027,1400,3,70168,3,2,557,21.2,5,20230218,카우보이킹,서울,87.7,88.80730156672158
6,41169,80578,110058,1400,1,70179,3,2,445,42.5,5,20230218,온리위너,서울,87.7,88.99932478919487
5,42748,80122,121019,1400,2,70103,3,2,475,11.3,5,20230218,룰즈클래스,서울,88.7,88.74117398898643
3,46474,80361,106016,1400,2,70197,3,2,458,2.8,5,20230218,기쁨환호,서울,89.1,89.06545236693002
4,45027,80405,117024,1400,1,70108,3,2,469,3.6,5,20230218,가나패션,서울,89.2,88.80730156672158
4,44488,80530,117017,1400,2,70174,3,2,480,9.3,5,20230218,터치나인,서울,89.2,88.80730156672158
4,44636,80366,214774,1400,3,70152,3,2,488,7.4,5,20230218,케이엔스케치,서울,89.3,88.80730156672158
6,41061,80513,105239,1400,2,70225,3,2,478,33.2,5,20230218,바디스타,서울,89.9,88.74117398898643
5,42050,80438,110034,1400,2,70199,3,2,506,24.6,5,20230218,보디가드,서울,90.0,88.74117398898643
4,44515,80533,65154,1400,2,70177,3,2,481,63.4,5,20230218,대박스타,서울,90.6,88.85893793109051
5,42756,80598,112005,1400,3,70181,3,2,444,79.9,5,20230218,메인오브킹,서울,90.8,89.03934520487435
4,43991,80598,118003,1200,1,70164,3,2,454,10.1,6,20230218,골드파워,서울,73.6,76.09686999796725
5,42251,80584,106025,1200,3,70095,3,2,452,10.6,6,20230218,라온더타이거,서울,74.0,75.94871122003342
4,43992,80579,118021,1200,1,70163,3,2,467,65.6,6,20230218,해피믹스,서울,74.5,75.8387191977588
5,42934,80530,114008,1200,1,70244,3,2,498,3.0,6,20230218,아이언머스킷,서울,74.5,75.69056041982498
6,41091,80547,10611,1200,3,70085,3,2,479,22.1,6,20230218,글로벌골드,서울,74.8,75.74219678419391
5,45654,80405,117014,1200,1,70145,3,2,469,35.4,6,20230218,그린질주,서울,75.3,75.69056041982498
4,44162,80337,104038,1200,1,70096,3,2,488,16.9,6,20230218,큐피드웨이,서울,75.4,75.89035556212774
4,44326,80342,114026,1200,2,70148,3,2,545,16.2,6,20230218,터프가이,서울,75.5,75.8387191977588
4,44243,80513,105127,1200,2,70179,3,2,503,2.2,6,20230218,자이언트킬링,서울,75.6,75.89035556212774
4,43706,80550,118017,1200,1,70225,3,2,451,51.2,6,20230218,화수분,서울,75.7,76.09686999796725
5,42051,80515,106047,1200,3,70117,3,2,467,29.5,6,20230218,스타워즈,서울,76.1,75.69056041982498
6,41147,80434,105194,1200,1,70165,3,2,0,0.0,6,20230218,블랙실버,서울,0.0,3.049858766962057
6,40551,80608,10422,1800,3,70160,3,2,486,10.5,7,20230218,원퍼트,서울,118.6,117.46420756514263
5,45658,80582,105263,1800,3,70165,3,2,494,10.2,7,20230218,티즈에너지,서울,118.8,117.26457511630325
6,41903,80476,111007,1800,3,70181,3,2,458,14.8,7,20230218,천군,서울,119.0,117.30791062706773
3,45229,80513,117013,1800,2,70160,3,2,479,2.9,7,20230218,새내타운,서울,119.1,117.39016003955689
5,42675,80576,105163,1800,3,70174,3,2,490,12.2,7,20230218,킹심바,서울,119.4,117.26457511630325
4,44381,80405,116054,1800,2,70108,3,2,515,8.5,7,20230218,벼락,서울,119.7,117.39016003955689
6,43585,80515,10298,1800,2,70114,3,2,526,62.4,7,20230218,정상킹덤,서울,120.5,117.71335868594092
6,40482,80609,10418,1800,2,70198,3,2,482,38.8,7,20230218,황금해,서울,120.7,117.46420756514263
5,45130,80547,106223,1800,3,70179,3,2,466,10.9,7,20230218,스피디루키,서울,120.8,117.30791062706773
6,43468,80603,10637,1800,3,70165,3,2,471,38.3,7,20230218,선포레,서울,120.9,117.31621148067218
6,43437,80579,111044,1800,3,70265,3,2,481,40.1,7,20230218,장산스타트,서울,121.2,117.26457511630325
5,42423,80342,110034,1800,1,70167,3,2,492,3.9,7,20230218,아침기상,서울,122.3,117.26457511630325
6,41216,80405,10587,1600,3,70149,3,2,496,4.3,8,20230218,티즈블랙,서울,101.5,100.92821893131631
3,45240,80103,214958,1600,1,70096,3,2,411,12.2,8,20230218,슈어윈,서울,102.3,101.56063636100774
3,45366,80513,117021,1600,2,70157,3,2,499,6.9,8,20230218,이다나은,서울,102.5,101.00216749020102
4,44706,80562,109019,1600,3,70175,3,2,469,10.4,8,20230218,머스탱파워,서울,102.8,101.00216749020102
4,44014,80366,111007,1600,1,70181,3,2,441,7.2,8,20230218,하이러너,서울,103.3,101.30033870608894
4,44800,80434,65122,1600,2,70200,3,2,446,53.9,8,20230218,디바인퓨처즈,서울,103.3,101.31195465477839
5,42802,80473,116058,1600,3,70098,3,2,490,12.5,8,20230218,김천영웅,서울,103.4,100.87658256694738
5,43416,80122,106255,1600,3,70161,3,2,519,19.0,8,20230218,논스톱기상,서울,103.8,100.87658256694738
6,41644,80587,65160,1600,3,70160,3,2,528,26.3,8,20230218,블루참,서울,103.9,100.92821893131631
4,44821,80608,113025,1600,3,70244,3,2,489,2.7,8,20230218,대사리,서울,103.9,101.00216749020102
4,43869,80405,114028,1700,1,70174,3,2,482,4.2,9,20230218,퀴클리런,서울,110.5,112.31338029545827
6,40452,80337,65012,1700,3,70094,3,2,439,36.9,9,20230218,캡틴브라보,서울,110.8,112.6259629088966
6,41300,80473,112278,1700,2,70163,3,2,467,22.3,9,20230218,드림패션,서울,110.8,112.18779537220463
6,40479,80603,10808,1700,3,70179,3,2,471,16.8,9,20230218,뉴문워리어,서울,110.8,112.23943173657356
4,44813,80103,10498,1700,1,70165,3,2,471,1.6,9,20230218,원더풀키티,서울,110.9,112.4219755567094
6,41607,80578,114013,1700,3,70149,3,2,487,40.6,9,20230218,위너블루,서울,111.3,112.18779537220463
6,41619,80438,112044,1700,1,70177,3,2,521,41.7,9,20230218,티케이데이,서울,111.7,112.18779537220463
5,43105,80608,116054,1700,3,70244,3,2,482,9.3,9,20230218,트로팅라일리,서울,111.8,112.18779537220463
5,42159,80584,118002,1700,1,70096,3,2,505,50.2,9,20230218,라피어반,서울,112.4,112.18779537220463
6,41149,80587,105233,1700,2,70165,3,2,478,16.9,9,20230218,열린문,서울,112.5,112.18779537220463
7,38969,80533,117014,1700,1,70157,3,2,462,103.1,9,20230218,그린다르크,서울,113.4,112.39306781910882
5,42595,80598,121048,1700,1,70166,3,2,478,58.1,9,20230218,소베라니아,서울,113.6,112.18779537220463
6,43556,80576,118002,1400,2,70096,3,2,536,3.6,10,20230218,로드반,서울,85.4,88.74117398898643
6,43356,80584,216306,1400,2,70108,3,2,498,4.0,10,20230218,파크윈,서울,86.3,88.74117398898643
5,45652,80342,117013,1400,1,70145,3,2,478,7.1,10,20230218,새내선,서울,86.6,88.74117398898643
7,39094,80552,111053,1400,2,70265,3,2,518,12.3,10,20230218,님의향기,서울,87.1,88.74117398898643
5,45115,80562,117025,1400,3,70149,3,2,505,3.2,10,20230218,몬스터케이,서울,87.4,88.74117398898643
6,43482,80473,105222,1400,3,70095,3,2,471,42.3,10,20230218,문학보스,서울,87.4,88.74117398898643
5,42599,80513,105113,1400,3,70165,3,2,490,10.8,10,20230218,모닝힐,서울,87.6,88.79281035335536
5,42386,80533,119034,1400,2,70164,3,2,472,44.3,10,20230218,옥스퍼드킹,서울,88.6,88.74117398898643
6,43550,80339,104154,1400,2,70167,3,2,483,23.5,10,20230218,록의제왕,서울,90.2,88.79281035335536
6,40946,80609,121063,1400,2,70098,3,2,507,13.0,11,20230218,록라인,서울,86.6,88.74117398898643
4,44290,80103,121004,1400,1,70152,3,2,474,3.2,11,20230218,코스모,서울,86.7,88.80730156672158
7,38851,80578,105231,1400,2,70149,3,2,454,45.6,11,20230218,금로열,서울,86.8,88.99932478919487
4,43659,80476,116049,1400,2,70148,3,2,508,2.5,11,20230218,승부사,서울,87.6,88.80730156672158
6,41118,80598,121014,1400,2,70164,3,2,504,20.5,11,20230218,럭키법전,서울,87.9,88.74117398898643
7,41723,80547,114001,1400,1,70144,3,2,461,72.8,11,20230218,싱싱메리,서울,88.0,88.99932478919487
6,41915,80405,214774,1400,3,70200,3,2,457,7.7,11,20230218,별나라신사,서울,88.6,88.99932478919487
5,42461,80513,106025,1400,1,70095,3,2,484,6.5,11,20230218,라온핑크,서울,88.9,88.74117398898643
9,38073,80603,105151,1400,2,70161,3,2,499,52.5,11,20230218,돌아온날리,서울,89.1,88.74117398898643
6,43593,80550,114028,1400,1,70175,3,2,460,14.2,11,20230218,클린업샤인,서울,89.6,88.99932478919487
3,45522,80366,106084,1300,1,70179,4,1,495,2.4,1,20230212,꿈의순간,서울,83.8,82.40252457207392
3,46380,80361,65122,1300,1,70095,4,1,460,1.8,1,20230212,에이펙스,서울,84.2,82.71231173665129
3,45904,80603,106080,1300,1,70181,4,1,459,62.8,1,20230212,서울스퍼트,서울,84.8,82.66067537228236
3,46031,80587,121019,1300,1,70200,4,1,438,43.4,1,20230212,아치러너,서울,84.9,82.8419340977012
3,45409,80579,121003,1300,1,70108,4,1,448,29.8,1,20230212,런던비상,서울,85.1,82.66067537228236
3,45970,80533,104121,1300,1,70166,4,1,463,31.6,1,20230212,제이와이코코,서울,85.2,82.71231173665129
3,45896,80550,105180,1300,1,70177,4,1,441,53.7,1,20230212,승리의영혼,서울,85.3,82.70069578796183
3,46305,80582,65127,1300,1,70265,4,1,473,33.8,1,20230212,뷰티풀멜로디,서울,85.3,82.45416093644285
3,45593,80593,114017,1300,1,70161,4,1,460,9.1,1,20230212,아름다운사이,서울,86.5,82.66067537228236
3,45876,80366,111053,1200,1,70149,4,1,521,3.0,2,20230212,마에스트라,서울,76.3,75.8387191977588
3,46321,80550,65122,1200,2,70200,4,1,469,5.5,2,20230212,할슈타트,서울,76.8,75.89035556212774
3,46560,80476,114002,1200,2,70181,4,1,446,25.0,2,20230212,성은크라운,서울,77.2,76.09686999796725
3,45828,80103,214705,1200,1,70165,4,1,443,7.0,2,20230212,아만바로우즈,서울,77.3,76.13689041364673
3,46191,80434,105225,1200,3,70148,4,1,475,17.3,2,20230212,마이원,서울,77.7,75.8387191977588
3,45568,80576,121008,1200,2,70098,4,1,525,3.0,2,20230212,한강파워,서울,77.9,75.8387191977588
3,46043,80587,105209,1200,1,70160,4,1,443,30.9,2,20230212,낭주여걸,서울,78.2,76.13689041364673
3,45556,80513,30011,1200,2,70170,4,1,497,208.1,2,20230212,제축일호,서울,78.4,75.89035556212774
3,46068,80598,104121,1200,2,70166,4,1,466,179.0,2,20230212,이에이치코코,서울,78.6,76.09562800903193
3,45873,80438,10542,1200,2,70163,4,1,424,24.0,2,20230212,오월춘추,서울,79.0,76.55727316429679
3,45606,80417,104112,1200,2,70225,4,1,470,238.9,2,20230212,성실롱런,서울,79.6,75.89035556212774
3,46337,80486,122013,1200,1,70145,4,1,454,13.5,2,20230212,용비퀸,서울,79.8,76.09686999796725
4,44409,80579,105055,1200,3,70053,4,1,448,5.6,3,20230212,동트자웨이,서울,76.7,76.14850636233618
4,44499,80562,65110,1200,1,70091,4,1,463,4.8,3,20230212,골든럭키,서울,77.4,76.14850636233618
4,44623,80337,116047,1200,1,70110,4,1,458,18.8,3,20230212,스피어골드,서울,77.5,76.09686999796725
3,45746,80438,118003,1200,2,70150,4,1,488,2.5,3,20230212,미르포인트,서울,77.6,75.8387191977588
4,44405,80609,121019,1200,1,70103,4,1,455,74.8,3,20230212,송암드래건,서울,77.8,76.09686999796725
3,46127,80598,109194,1200,2,70103,4,1,441,62.0,3,20230212,달맞이,서울,77.8,76.13689041364673
4,44165,80584,104038,1200,2,70053,4,1,453,4.7,3,20230212,큐피드와우,서울,78.0,76.14850636233618
3,45874,80342,10067,1200,2,70170,4,1,494,28.3,3,20230212,하이본미,서울,78.0,75.99880429349007
4,43916,80294,10498,1200,1,70096,4,1,489,65.4,3,20230212,원더풀데퓨티,서울,78.0,75.99880429349007
4,44401,80587,121004,1200,2,70165,4,1,440,76.2,3,20230212,코스모킹,서울,79.7,76.20685149617962
4,44176,80515,10387,1200,2,70177,4,1,459,133.0,3,20230212,브라운,서울,80.4,76.25695509369851
4,43905,80476,118010,1200,1,70098,4,1,490,11.1,3,20230212,피엔에스얀,서울,80.5,75.8387191977588
4,44292,80342,106198,1700,3,70110,4,1,474,4.5,4,20230212,원평버드,서울,114.2,112.31338029545827
4,43974,80530,116058,1700,3,70157,4,1,469,2.6,4,20230212,슈발도리앙,서울,114.6,112.31338029545827
4,44020,80434,121019,1700,2,70168,4,1,416,35.4,4,20230212,티즈헌터,서울,115.4,112.81897081296074
3,45813,80550,117014,1700,1,70157,4,1,440,63.9,4,20230212,그린불패,서울,115.5,112.62863424057484
4,43957,80533,10125,1700,2,70150,4,1,477,48.2,4,20230212,트레비트,서울,115.5,112.67112667750769
5,42646,80598,116053,1700,1,70181,4,1,442,6.2,4,20230212,제로백파이브,서울,115.7,112.4330882347883
4,43674,80584,106148,1700,1,70200,4,1,466,17.1,4,20230212,골든펄,서울,115.9,112.51865274236246
3,45219,80547,10498,1700,1,70198,4,1,428,18.3,4,20230212,원더풀위싱,서울,115.9,112.92756607421187
4,44860,80608,105250,1700,1,70108,4,1,434,28.0,4,20230212,팍스누리,서울,116.9,112.81897081296074
4,44355,80587,119022,1700,3,70091,4,1,456,4.3,4,20230212,보스베이비,서울,117.0,112.51865274236246
4,44008,80593,10159,1700,2,70181,4,1,470,27.5,4,20230212,챔피언함성,서울,118.8,112.67112667750769
4,43755,80435,121026,1700,1,70114,4,1,0,0.0,4,20230212,함평파이터,서울,0.0,0.8502636972240083
3,46529,80405,111028,1400,2,70179,4,1,491,1.8,5,20230212,업타운위즈,서울,88.0,88.80730156672158
3,45559,80366,111044,1400,2,70200,4,1,498,4.0,5,20230212,스포블레이드,서울,89.3,88.80730156672158
3,45949,80562,10476,1400,1,70149,4,1,441,22.6,5,20230212,장비무지개,서울,89.3,89.26555787834076
4,43872,80476,114026,1400,3,70148,4,1,481,31.8,5,20230212,리버태양,서울,89.4,88.80730156672158
3,45183,80582,121047,1400,2,70244,4,1,450,4.4,5,20230212,지모션,서울,90.0,89.06545236693002
5,42566,80579,10190,1400,2,70165,4,1,509,43.8,5,20230212,누비고,서울,90.0,88.93283892678745
4,45086,80438,113038,1400,3,70108,4,1,493,62.8,5,20230212,지스타,서울,90.5,88.80730156672158
4,44684,80609,105161,1400,2,70114,4,1,501,24.0,5,20230212,은파마운틴,서울,90.5,88.80730156672158
7,39119,80337,10396,1400,3,70152,4,1,470,49.7,5,20230212,호크의영광,서울,91.4,88.93283892678745
5,43407,80550,10226,1400,2,70177,4,1,456,85.9,5,20230212,럭셔리킹,서울,91.5,89.1909897269959
5,42680,80547,117013,1400,3,70145,4,1,470,34.3,5,20230212,새내황제,서울,92.0,88.74117398898643
4,44645,80405,106198,1300,1,70110,4,1,477,7.7,6,20230212,원평퀸,서울,82.5,82.40252457207392
4,44154,80550,117012,1300,1,70200,4,1,436,29.5,6,20230212,캠프세이버,서울,82.9,82.96099344288064
4,44648,80593,112270,1300,1,70175,4,1,451,6.1,6,20230212,히든블레이드,서울,82.9,82.66067537228236
4,43704,80438,121006,1300,1,70198,4,1,497,4.6,6,20230212,불의꽃,서울,83.4,82.40252457207392
4,44187,80417,116054,1300,1,70170,4,1,486,12.7,6,20230212,슈팅리버스,서울,83.5,82.40252457207392
4,43979,80584,114008,1300,1,70244,4,1,475,22.1,6,20230212,스피드갤럽,서울,83.7,82.40252457207392
4,43803,80434,105163,1300,1,70182,4,1,485,7.5,6,20230212,어나더레벨,서울,83.8,82.40252457207392
4,44272,80513,121002,1300,1,70199,4,1,446,31.1,6,20230212,스마트별,서울,84.2,82.66067537228236
3,45571,80361,117023,1300,1,70167,4,1,457,3.3,6,20230212,내길의퀸,서울,84.3,82.66067537228236
3,45464,80562,105204,1300,1,70174,4,1,451,21.3,6,20230212,왈가닥,서울,84.5,82.66067537228236
6,43489,80435,214706,1300,1,70152,4,1,459,85.1,6,20230212,마하걸,서울,85.0,82.59454779454721
4,44141,80103,216420,1300,1,70148,4,1,433,19.5,6,20230212,원모어러시,서울,85.3,82.96099344288064
3,45266,80529,10611,1200,2,70085,4,1,470,1.6,7,20230212,글로벌강타,서울,75.5,75.89035556212774
3,45197,80103,106025,1200,2,70095,4,1,487,4.2,7,20230212,라온더하이맨,서울,76.0,75.8387191977588
4,44453,80438,10352,1200,1,70175,4,1,473,13.6,7,20230212,레전드삭스,서울,76.7,75.99880429349007
5,43170,80598,104027,1200,1,70160,4,1,412,15.7,7,20230212,깡돌이,서울,76.7,76.30066565500063
4,44128,80476,118001,1200,1,70161,4,1,406,20.6,7,20230212,알사이먼,서울,76.8,76.39718806856553
6,40624,80608,65154,1200,3,70152,4,1,467,17.4,7,20230212,언패럴렐드,서울,77.0,75.74219678419391
4,43908,80603,116049,1200,1,70182,4,1,420,53.1,7,20230212,천둥오름,서울,77.1,76.39718806856553
4,44576,80576,121047,1200,3,70265,4,1,487,26.1,7,20230212,최강미래,서울,77.1,75.8387191977588
5,42861,80515,106047,1200,3,70117,4,1,424,102.3,7,20230212,럭키클럽,서울,77.6,76.2490292906317
4,44096,80547,111028,1200,2,70179,4,1,448,35.5,7,20230212,위즈업,서울,78.0,76.09686999796725
4,44378,80584,65012,1200,3,70146,4,1,520,32.7,7,20230212,테이크머니,서울,78.9,75.89035556212774
5,44751,80405,112270,1200,3,70175,4,1,493,5.1,8,20230212,최강블레이드,서울,74.6,75.69056041982498
5,44929,80552,121047,1200,3,70265,4,1,452,36.4,8,20230212,남산주몽,서울,75.8,75.94871122003342
4,46593,80530,105113,1200,2,70165,4,1,492,13.6,8,20230212,탭다운,서울,75.8,75.89035556212774
5,45656,80486,113041,1200,3,70199,4,1,499,7.2,8,20230212,도깨비,서울,75.9,75.69056041982498
4,46511,80533,119030,1200,3,70174,4,1,460,53.8,8,20230212,킹칼레,서울,76.0,76.09686999796725
5,45458,80438,121005,1200,1,70225,4,1,451,11.6,8,20230212,엠제이포인트,서울,76.3,75.94871122003342
4,46584,80576,105222,1200,2,70148,4,1,515,2.5,8,20230212,문학스톰,서울,76.4,75.8387191977588
3,50790,80529,105222,1200,2,70148,4,1,473,42.7,8,20230212,문학어플리트,서울,76.4,75.8387191977588
5,46250,80515,121006,1200,2,70198,4,1,455,22.6,8,20230212,스파이스타워,서울,76.7,75.94871122003342
3,51584,80417,121008,1200,1,70094,4,1,430,45.9,8,20230212,앱설루트명작,서울,76.7,76.39718806856553
3,51988,80342,113005,1200,1,70160,4,1,441,4.6,8,20230212,마이티큐,서울,76.8,76.13689041364673
3,51586,80513,116045,1200,1,70170,4,1,470,93.2,8,20230212,캔디존,서울,77.6,75.8387191977588
3,45198,80361,106025,1600,1,70095,4,1,482,5.0,9,20230212,라온더퀄리티,서울,102.5,101.00216749020102
5,43010,80584,214774,1600,3,70200,4,1,445,32.6,9,20230212,케이엔언더킹,서울,103.0,101.13473336715582
3,45433,80587,121057,1600,2,70165,4,1,505,2.2,9,20230212,드래곤스타,서울,103.3,101.00216749020102
4,44829,80487,114026,1600,2,70164,4,1,520,3.4,9,20230212,용호지마,서울,103.9,101.00216749020102
4,43985,80417,122009,1600,1,70094,4,1,441,12.8,9,20230212,한강매직,서울,104.4,101.30033870608894
6,40571,80529,118007,1600,3,70199,4,1,485,21.9,9,20230212,시선집중,서울,104.6,100.87658256694738
5,42409,80339,112270,1600,3,70265,4,1,474,12.1,9,20230212,스타블레이드,서울,105.2,100.87658256694738
6,40797,80576,10496,1600,2,70146,4,1,483,27.4,9,20230212,초인강자,서울,105.2,101.0682475047484
5,43313,80533,121006,1600,2,70150,4,1,497,53.2,9,20230212,엑톤질주,서울,105.5,100.87658256694738
7,39565,80294,122700,1600,2,70096,4,1,477,90.7,9,20230212,일마레,서울,105.9,100.87658256694738
3,45199,80366,121049,1400,1,70095,4,1,467,1.9,10,20230212,라온자이언트,서울,87.7,88.80730156672158
5,42561,80603,118001,1400,1,70165,4,1,514,3.7,10,20230212,옐로우캣,서울,87.9,88.74117398898643
5,42046,80584,10801,1400,2,70225,4,1,485,85.4,10,20230212,엠제이베스트,서울,87.9,88.79281035335536
5,42542,80487,110048,1400,1,70164,4,1,463,16.8,10,20230212,영광의미소,서울,88.3,88.99932478919487
7,38992,80434,214958,1400,3,70096,4,1,509,22.0,10,20230212,스트라이드업,서울,88.4,88.74117398898643
5,43201,80405,112005,1400,3,70146,4,1,513,43.8,10,20230212,로열로드,서울,88.4,88.74117398898643
7,39502,80576,10496,1400,3,70148,4,1,524,25.4,10,20230212,해들뫼,서울,88.6,88.93283892678745
5,42530,80513,113008,1400,3,70179,4,1,477,44.5,10,20230212,스마트전사,서울,88.7,88.74117398898643
6,40627,80547,117011,1400,1,70145,4,1,447,57.6,10,20230212,그레이스퀸,서울,88.7,88.99932478919487
5,43109,80486,10611,1400,2,70085,4,1,458,12.8,10,20230212,글로벌영웅,서울,89.0,89.0509611535638
4,44472,80562,110028,1400,2,70174,4,1,466,6.8,10,20230212,플라잉골드,서울,89.6,89.01257401362577
6,40849,80533,114026,1400,2,70177,4,1,498,62.6,10,20230212,교룡득수,서울,89.7,88.74117398898643
4,44442,80339,113030,2000,2,70167,4,1,509,2.6,11,20230212,사려니퍼스트,서울,131.6,129.44630679496038
5,43107,80562,121013,2000,1,70103,4,1,506,25.8,11,20230212,어디가나,서울,132.1,129.32072187170675
7,38949,80576,10496,2000,2,70181,4,1,471,29.6,11,20230212,레이먼드,서울,132.3,129.52035432054612
6,41501,80579,111067,2000,2,70053,4,1,497,105.4,11,20230212,베스트탑,서울,132.3,129.32072187170675
5,42947,80438,10516,2000,2,70244,4,1,486,21.1,11,20230212,남산시대,서울,132.3,129.52035432054612
4,43955,80405,121021,2000,3,70197,4,1,521,5.6,11,20230212,오래함께하자,서울,132.3,129.44630679496038
7,38640,80434,112005,2000,2,70103,4,1,503,135.8,11,20230212,위너브라운,서울,132.6,129.32072187170675
6,40681,80417,113032,2000,1,70170,4,1,488,24.5,11,20230212,천지여걸,서울,132.6,129.32072187170675
5,42254,80366,121047,2000,2,70182,4,1,517,2.5,11,20230212,최강게임,서울,133.0,129.32072187170675
8,37858,80513,113008,2000,2,70179,4,1,484,42.3,11,20230212,스카이돌풍,서울,133.6,129.32072187170675
5,43411,80608,10226,2000,2,70160,4,1,449,30.1,11,20230212,그레이캣,서울,133.9,126.47530668109813
5,42023,80533,111052,2000,1,70225,4,1,474,17.3,11,20230212,퀸즈투어,서울,134.5,129.32072187170675
3,45792,80547,105127,1200,2,70179,4,1,512,3.9,1,20230211,영원파이터,서울,76.4,75.89035556212774
3,45728,80608,117016,1200,2,70108,4,1,475,3.5,1,20230211,마구마,서울,77.2,75.8387191977588
3,45811,80366,214774,1200,2,70152,4,1,497,6.0,1,20230211,케이엔골든킹,서울,77.6,75.8387191977588
3,45838,80476,117025,1200,2,70149,4,1,534,19.6,1,20230211,스타케이,서울,77.6,75.8387191977588
3,45884,80603,106148,1200,1,70098,4,1,447,22.6,1,20230211,굿사이먼,서울,78.0,76.09686999796725
3,45494,80486,65154,1200,2,70166,4,1,472,10.0,1,20230211,오스틴리더,서울,78.0,75.89035556212774
3,46119,80434,10430,1200,1,70115,4,1,459,20.7,1,20230211,예지몽,서울,78.4,76.25695509369851
3,45887,80342,118001,1200,2,70170,4,1,506,37.3,1,20230211,페더럴프레스,서울,78.6,75.8387191977588
3,46204,80587,105194,1200,2,70165,4,1,455,5.4,1,20230211,붉은폭풍,서울,79.3,76.09686999796725
3,46600,80576,10226,1200,1,70160,4,1,433,86.0,1,20230211,메니참,서울,79.5,76.55727316429679
3,45406,80579,121019,1200,1,70146,4,1,493,56.6,1,20230211,아치로켓,서울,79.9,75.8387191977588
3,46173,80487,114026,1200,2,70164,4,1,477,17.2,1,20230211,강서브이,서울,81.2,75.8387191977588
3,45983,80366,121049,1200,1,70095,4,1,442,1.5,2,20230211,라온엠파이어,서울,75.4,76.13689041364673
3,46093,80342,65060,1200,1,70181,4,1,459,2.7,2,20230211,피어리스,서울,75.7,76.14850636233618
3,45779,80593,121053,1200,1,70161,4,1,457,12.7,2,20230211,대륜시대,서울,77.8,76.09686999796725
3,45545,80533,111033,1200,1,70108,4,1,462,100.4,2,20230211,무장,서울,77.8,76.09686999796725
3,45218,80584,216306,1200,1,70053,4,1,463,42.0,2,20230211,히어로강자,서울,77.9,76.09686999796725
3,45294,80515,122001,1200,1,70177,4,1,457,83.4,2,20230211,해피플레이,서울,78.0,76.09686999796725
3,46237,80294,122013,1200,1,70145,4,1,454,128.0,2,20230211,용비천,서울,78.3,76.09686999796725
3,45375,80435,104131,1200,1,70115,4,1,456,66.4,2,20230211,스카이텐,서울,79.1,76.14850636233618
3,46177,80547,111044,1200,1,70265,4,1,425,45.6,2,20230211,스포불패,서울,79.6,76.39718806856553
3,45385,80608,118008,1200,1,70200,4,1,465,116.4,2,20230211,피엔에스번쩍,서울,80.2,76.043991644663
3,46292,80530,10818,1200,1,70146,4,1,436,55.0,2,20230211,압구정치타,서울,80.5,76.44882443293446
3,45508,80366,10352,1300,2,70174,4,1,482,1.4,3,20230211,대왕삭스,서울,81.8,82.56260966780518
3,46104,80417,114026,1300,2,70182,4,1,480,6.2,3,20230211,최강현마,서울,82.5,82.40252457207392
3,45371,80603,121053,1300,2,70161,4,1,462,6.0,3,20230211,금빛천하,서울,83.7,82.66067537228236
3,45232,80405,214708,1300,3,70175,4,1,483,11.6,3,20230211,사바나찰리,서울,83.7,82.40252457207392
3,45291,80530,10538,1300,3,70117,4,1,450,26.4,3,20230211,시크릿왕자,서울,84.3,82.82076046801362
3,45981,80476,122001,1300,2,70177,4,1,453,12.6,3,20230211,드림플레이,서울,84.4,82.66067537228236
3,45771,80579,111053,1300,3,70265,4,1,443,122.3,3,20230211,네버어게인,서울,84.9,82.70069578796183
3,45821,80550,106272,1300,3,70114,4,1,464,103.1,3,20230211,투아레그나인,서울,85.4,82.6077970189781
3,45734,80339,10801,1300,2,70166,4,1,477,98.5,3,20230211,파워에치드,서울,85.5,82.45416093644285
3,45998,80417,117054,1300,3,70103,4,1,446,2.9,4,20230211,매글데이,서울,83.2,82.66067537228236
3,45708,80361,106025,1300,3,70095,4,1,448,2.6,4,20230211,라온더찰리,서울,83.6,82.66067537228236
3,45498,80366,65154,1300,3,70166,4,1,489,5.5,4,20230211,에펠탑,서울,83.7,82.45416093644285
3,45285,80513,116045,1300,2,70145,4,1,458,8.7,4,20230211,선더브라보,서울,83.7,82.66067537228236
4,43836,80562,121047,1300,3,70174,4,1,453,19.5,4,20230211,최고포인트,서울,84.3,82.66067537228236
4,43823,80339,121026,1300,1,70144,4,1,499,13.7,4,20230211,동방사기,서울,84.5,82.40252457207392
4,45094,80587,121005,1300,3,70150,4,1,504,37.2,4,20230211,클레어파워,서울,84.6,82.40252457207392
4,44454,80337,104148,1300,2,70091,4,1,436,71.6,4,20230211,투게더웨이,서울,84.6,83.01262980724957
4,44774,80529,119036,1300,1,70163,4,1,424,49.4,4,20230211,스마티대세,서울,85.0,82.96099344288064
4,44144,80608,121024,1300,3,70225,4,1,466,109.3,4,20230211,원스피어,서울,86.3,82.6077970189781
4,44443,80014,113030,1300,3,70167,4,1,452,43.4,4,20230211,사려니로키,서울,87.1,82.66067537228236
4,44311,80584,117025,1300,1,70108,4,1,489,121.1,4,20230211,선샤인케이,서울,93.8,82.40252457207392
3,45788,80361,121049,1300,2,70095,4,1,460,4.3,5,20230211,라온아메리칸,서울,81.6,82.66067537228236
4,43476,80438,105263,1300,1,70165,4,1,439,3.7,5,20230211,모닝펄,서울,82.3,82.8419340977012
3,45302,80476,106198,1300,2,70148,4,1,501,13.6,5,20230211,원평타운,서울,82.4,82.40252457207392
4,45076,80405,106084,1300,2,70179,4,1,501,7.4,5,20230211,순간터치,서울,82.6,82.40252457207392
4,44198,80562,10245,1300,2,70091,4,1,431,55.5,5,20230211,빛의카,서울,82.8,83.1210785386119
3,45955,80550,117054,1300,2,70177,4,1,476,2.5,5,20230211,스트렝스,서울,83.2,82.40252457207392
4,44324,80608,105212,1300,3,70200,4,1,461,24.4,5,20230211,디자이어투윈,서울,83.3,82.66067537228236
3,45764,80579,122001,1300,1,70098,4,1,470,53.3,5,20230211,행복한문막,서울,83.9,82.40252457207392
4,43731,80584,10815,1300,2,70164,4,1,477,57.4,5,20230211,두손드라이브,서울,84.6,82.45416093644285
5,43097,80417,114007,1300,2,70168,4,1,516,28.3,5,20230211,회두령,서울,85.3,82.33639699433877
4,44133,80562,106170,1200,3,70168,4,1,512,1.7,6,20230211,퍼지데이,서울,74.7,75.8387191977588
3,45885,80342,119037,1200,2,70170,4,1,447,28.3,6,20230211,네모프린스,서울,75.4,76.09686999796725
3,45768,80417,121053,1200,2,70115,4,1,470,8.4,6,20230211,마의웨이,서울,75.5,75.8387191977588
4,43691,80547,105161,1200,2,70145,4,1,512,25.2,6,20230211,킹마운틴,서울,75.7,75.8387191977588
4,43870,80584,65045,1200,1,70146,4,1,504,10.1,6,20230211,콩코드퀸,서울,76.0,75.89035556212774
5,42707,80550,121004,1200,1,70181,4,1,489,23.9,6,20230211,히트에이스,서울,76.2,75.69056041982498
4,43778,80579,10182,1200,3,70117,4,1,496,68.8,6,20230211,멋진기록,서울,76.3,75.99880429349007
4,44362,80529,106198,1200,1,70148,4,1,466,49.7,6,20230211,원평광야,서울,76.4,76.043991644663
4,44618,80513,110034,1200,1,70199,4,1,465,80.2,6,20230211,휘파람,서울,76.6,76.043991644663
4,44035,80486,113110,1200,1,70170,4,1,446,16.5,6,20230211,베스트팔콘,서울,76.6,76.09686999796725
4,43711,80603,121023,1200,1,70160,4,1,421,48.7,6,20230211,블랙버미,서울,77.2,76.39718806856553
3,45512,80576,105249,1200,1,70117,4,1,518,4.9,6,20230211,걸작선,서울,78.9,75.8387191977588
4,44685,80342,121020,1200,3,70108,4,1,448,2.0,7,20230211,그레이토르,서울,74.1,76.09686999796725
4,44507,80434,111426,1200,2,70225,4,1,454,20.5,7,20230211,선더플래시,서울,74.6,76.09686999796725
4,44465,80476,10611,1200,2,70085,4,1,466,8.6,7,20230211,글로벌매직,서울,75.1,76.09562800903193
5,42893,80562,111001,1200,1,70103,4,1,469,33.0,7,20230211,고고스타,서울,75.1,75.69056041982498
4,43741,80405,116039,1200,2,70115,4,1,501,5.6,7,20230211,마바위,서울,75.7,75.8387191977588
5,42446,80593,105194,1200,2,70165,4,1,495,22.3,7,20230211,빅레드,서울,75.9,75.69056041982498
4,43807,80608,65154,1200,1,70166,4,1,531,40.7,7,20230211,빅비트,서울,76.0,75.89035556212774
5,43031,80603,65147,1200,1,70182,4,1,437,22.8,7,20230211,볼드어게인,서울,76.7,76.30066565500063
6,41325,80513,10630,1200,2,70181,4,1,496,41.9,7,20230211,아로마,서울,76.8,75.74219678419391
4,43899,80486,121008,1200,3,70094,4,1,515,6.0,7,20230211,한강챔프,서울,76.8,75.8387191977588
5,43041,80547,10516,1200,1,70265,4,1,437,54.4,7,20230211,남산초콜릿,서울,77.6,76.44069422843272
3,45727,80550,65118,1200,2,70177,4,1,483,22.2,7,20230211,에이원스타,서울,77.7,75.89035556212774
4,44694,80530,117038,1600,1,70244,4,1,446,4.5,8,20230211,금아시크,서울,103.9,101.26031829040946
5,42830,80608,65096,1600,2,70164,4,1,517,24.7,8,20230211,금성세계,서울,104.1,100.92821893131631
5,42533,80361,10801,1600,2,70164,4,1,517,2.1,8,20230211,그랜드스타,서울,104.4,100.92821893131631
4,43921,80550,10421,1600,1,70175,4,1,460,35.9,8,20230211,스마트블루,서울,104.4,101.36094604062222
4,43960,80562,118016,1600,1,70174,4,1,460,3.9,8,20230211,히든브레인,서울,104.5,101.26031829040946
6,40582,80337,119021,1600,1,70110,4,1,463,21.7,8,20230211,해피나이스,서울,104.6,101.13473336715582
4,44872,80103,104045,1600,2,70165,4,1,500,7.2,8,20230211,새벽밴드,서울,104.7,101.05380385456995
5,42293,80598,116049,1600,2,70181,4,1,503,35.1,8,20230211,빅에너지,서울,105.1,100.87658256694738
4,44116,80533,10573,1600,1,70144,4,1,419,69.9,8,20230211,퀸오브레이싱,서울,108.0,101.61227272537667
6,44940,80593,10159,1700,3,70181,4,1,480,29.5,9,20230211,로열함성,서울,111.1,112.6365789418423
5,42974,80587,106204,1700,2,70160,4,1,423,15.4,9,20230211,원더풀타이쿤,서울,111.2,112.6933858897071
5,42285,80339,114026,1700,3,70167,4,1,496,2.3,9,20230211,바이킹하트,서울,111.2,112.18779537220463
4,44625,80486,105163,1700,2,70182,4,1,525,7.9,9,20230211,이글포인트,서울,112.1,112.31338029545827
6,43589,80529,10611,1700,1,70085,4,1,413,93.1,9,20230211,글로벌럭키,서울,112.3,112.74502225407603
4,44637,80438,119016,1700,2,70163,4,1,474,2.7,9,20230211,포에버칸,서울,112.3,112.31338029545827
5,42413,80513,111044,1700,2,70175,4,1,507,63.1,9,20230211,장산가드,서울,113.0,112.18779537220463
5,44968,80337,118017,1700,3,70091,4,1,445,64.7,9,20230211,킹덤스톰,서울,113.0,112.39306781910882
5,43408,80579,105127,1700,2,70179,4,1,475,13.1,9,20230211,아델머스탱,서울,113.1,112.23943173657356
5,42758,80434,110058,1700,2,70103,4,1,497,49.1,9,20230211,파이어로드,서울,113.1,112.18779537220463
6,41206,80530,104015,1700,3,70181,4,1,489,20.1,9,20230211,쿠레레쿠스,서울,113.1,112.23943173657356
5,43244,80582,104121,1700,2,70165,4,1,510,25.7,9,20230211,유정챔프,서울,113.5,112.23943173657356
3,46099,80366,121010,1800,2,70197,4,1,503,1.5,10,20230211,나올스나이퍼,서울,118.3,117.39016003955689
4,43993,80487,111007,1800,3,70181,4,1,447,15.3,10,20230211,청산영웅,서울,119.2,117.43349555032137
4,44126,80434,113041,1800,2,70175,4,1,483,15.4,10,20230211,패스트트랙,서울,120.2,117.39016003955689
4,44703,80476,103007,1800,2,70182,4,1,526,6.4,10,20230211,화랑투데이,서울,120.3,117.44179640392582
4,43924,80529,10352,1800,2,70167,4,1,475,14.2,10,20230211,타이탄삭스,서울,120.3,117.49875530080801
5,43248,80603,109001,1800,1,70182,4,1,479,102.4,10,20230211,미스양호,서울,120.4,117.26457511630325
7,39113,80515,113115,1800,3,70225,4,1,492,150.0,10,20230211,천년의바람,서울,120.6,117.26457511630325
6,40622,80533,10801,1800,3,70166,4,1,516,135.7,10,20230211,럭셔리캡틴,서울,120.7,117.31621148067218
4,44335,80438,121006,1800,3,70198,4,1,507,6.2,10,20230211,불의신화,서울,120.9,117.39016003955689
5,42448,80337,215633,1800,2,70096,4,1,468,133.0,10,20230211,런런런,서울,121.4,117.26457511630325
5,42721,80513,109012,1800,1,70179,4,1,482,49.1,10,20230211,골드스파이크,서울,121.6,117.26457511630325
4,43656,80530,10190,1800,2,70165,4,1,514,71.8,10,20230211,누비강자,서울,123.5,117.7479064216063
5,46253,80603,105113,1200,3,70165,4,1,453,5.0,11,20230211,디스챌린지,서울,73.9,76.00034758440235
5,45663,80103,105222,1200,2,70095,4,1,502,3.5,11,20230211,문학시바,서울,74.2,75.69056041982498
5,42826,80405,111067,1200,1,70115,4,1,454,15.6,11,20230211,베스트천상,서울,74.3,75.94871122003342
6,40738,80587,112278,1200,2,70163,4,1,484,33.4,11,20230211,검포,서울,74.7,75.69056041982498
5,42805,80486,65122,1200,3,70152,4,1,496,13.9,11,20230211,파이팅대디,서울,74.9,75.74219678419391
5,44920,80337,10611,1200,2,70085,4,1,483,107.5,11,20230211,글로벌신화,서울,74.9,75.74219678419391
5,42497,80608,110003,1200,3,70164,4,1,457,27.0,11,20230211,이스트임팩트,서울,74.9,75.94871122003342
6,43456,80547,117014,1200,2,70145,4,1,493,55.3,11,20230211,정문에이스,서울,75.0,75.69056041982498
6,41928,80530,118002,1200,3,70117,4,1,474,31.5,11,20230211,이스트반,서울,75.1,75.69056041982498
3,52034,80476,121013,1200,1,70148,4,1,470,2.8,11,20230211,레이스위너,서울,75.6,75.8387191977588
6,41641,80576,10801,1200,1,70164,4,1,481,7.3,11,20230211,화이트퀸,서울,75.6,75.74219678419391
6,43584,80515,111028,1200,2,70199,4,1,458,136.7,11,20230211,풀부스터,서울,76.7,75.94871122003342
3,45527,80405,112270,1400,2,70197,4,1,496,2.4,12,20230211,도끼불패,서울,87.6,88.80730156672158
3,45442,80487,114028,1400,2,70164,4,1,471,2.2,12,20230211,쾌향,서울,88.6,88.80730156672158
5,45117,80103,118005,1400,3,70149,4,1,498,6.2,12,20230211,알렉산더원,서울,89.1,88.74117398898643
6,41892,80579,105151,1400,2,70053,4,1,521,57.3,12,20230211,엘리트라인,서울,89.2,88.74117398898643
6,40914,80598,10352,1400,1,70181,4,1,435,47.2,12,20230211,챌린지삭스,서울,89.5,89.49130779759417
6,41261,80342,109005,1400,3,70170,4,1,473,12.0,12,20230211,하이퍼카,서울,89.7,88.74117398898643
5,44918,80530,113005,1400,3,70160,4,1,433,31.5,12,20230211,마이티킥,서울,90.1,89.29964285979315
5,46251,80337,121006,1400,3,70091,4,1,427,98.1,12,20230211,오섬스프링스,서울,91.2,89.29964285979315
4,43693,80603,106148,1400,1,70165,4,1,470,36.7,12,20230211,벤칼프린세스,서울,91.4,88.80730156672158
4,44009,80515,111006,1400,2,70146,4,1,476,49.5,12,20230211,야무진왕초,서울,91.8,88.80730156672158
3,45187,80486,65118,1400,2,70145,4,1,497,0.0,12,20230211,강력한지금,서울,0.0,88.85893793109051
5,42945,80529,121006,1400,1,70167,4,1,479,0.0,12,20230211,불의여왕,서울,0.0,88.74117398898643
3,45853,80405,111044,1300,1,70175,6,1,473,1.7,1,20230205,메타블레이드,서울,82.7,82.40252457207392
3,45394,80417,105127,1300,1,70179,6,1,450,14.4,1,20230205,파인캠프,서울,82.9,82.71231173665129
3,45515,80578,111004,1300,1,70164,6,1,478,7.9,1,20230205,유쾌한사랑,서울,83.6,82.40252457207392
3,45906,80552,105161,1300,1,70144,6,1,442,49.4,1,20230205,매디슨마운틴,서울,84.0,82.70069578796183
3,45354,80513,121020,1300,1,70108,6,1,430,82.8,1,20230205,레드태풍,서울,84.3,82.96099344288064
3,50240,80434,214131,1300,1,70182,6,1,454,11.9,1,20230205,에클레어스타,서울,84.3,82.66067537228236
3,46609,80342,65160,1300,1,70160,6,1,450,9.2,1,20230205,에브리참,서울,85.0,82.71231173665129
3,46273,80598,119017,1300,1,70200,6,1,455,5.9,1,20230205,제우시대,서울,85.2,82.66067537228236
3,46619,80515,122001,1300,1,70177,6,1,476,43.8,1,20230205,캔디글로우,서울,86.5,82.40252457207392
3,45249,80593,119036,1300,1,70145,6,1,482,20.6,1,20230205,스마티글로리,서울,88.0,82.40252457207392
3,46042,80608,111006,1200,2,70200,6,1,486,14.1,2,20230205,아르고스마일,서울,76.2,75.8387191977588
3,46261,80513,114028,1200,2,70175,6,1,498,1.5,2,20230205,주몽천하,서울,77.5,75.8387191977588
3,50107,80515,122001,1200,1,70198,6,1,409,72.6,2,20230205,스위트플레이,서울,78.7,76.39718806856553
3,46167,80562,106272,1200,1,70165,6,1,458,15.6,2,20230205,투혼특급,서울,78.8,76.09686999796725
3,46012,80434,10496,1200,2,70182,6,1,464,5.1,2,20230205,테마탄생,서울,78.9,76.20407674039426
3,45650,80530,10243,1200,3,70146,6,1,516,30.9,2,20230205,쓸모,서울,79.3,75.99880429349007
3,45707,80361,121049,1200,2,70095,6,1,491,6.6,2,20230205,라온홀리데이,서울,80.4,75.8387191977588
3,45827,80337,30013,1200,2,70110,6,1,437,76.7,2,20230205,노블킹,서울,81.4,76.44882443293446
3,46200,80579,121026,1200,1,70053,6,1,442,84.6,2,20230205,함평호프,서울,81.5,76.13689041364673
3,45241,80550,214958,1200,1,70096,6,1,481,60.2,2,20230205,리드더웨이,서울,82.0,75.8387191977588
3,45759,80405,114007,1200,2,70168,6,1,517,4.4,3,20230205,유니콘킹덤,서울,75.9,75.8387191977588
3,45234,80476,112005,1200,1,70148,6,1,497,2.4,3,20230205,슈프림스타,서울,76.7,75.8387191977588
3,45614,80417,105211,1200,1,70181,6,1,480,11.9,3,20230205,포에이스,서울,76.9,75.8387191977588
3,45835,80438,105249,1200,1,70198,6,1,463,7.8,3,20230205,드림스카이,서울,76.9,76.09686999796725
3,46541,80587,111006,1200,2,70200,6,1,499,4.5,3,20230205,아르고무적,서울,77.0,75.8387191977588
4,43743,80608,121019,1200,1,70168,6,1,451,32.1,3,20230205,송암누리,서울,77.3,76.09686999796725
3,45881,80515,116045,1200,1,70145,6,1,473,50.6,3,20230205,화이트위치,서울,77.7,75.8387191977588
4,44780,80533,65133,1200,1,70166,6,1,482,36.9,3,20230205,아치리버,서울,78.1,75.89035556212774
4,45070,80576,121023,1200,2,70160,6,1,431,39.1,3,20230205,행복한버미,서울,78.2,76.39718806856553
3,45709,80103,121049,1200,2,70095,6,1,439,18.4,3,20230205,라온에어포스,서울,78.8,76.27812872338609
3,45392,80473,117025,1200,1,70103,6,1,468,102.9,3,20230205,매직케이,서울,79.3,75.8387191977588
3,45892,80529,118001,1200,1,70170,6,1,431,0.0,3,20230205,글로리앤아너,서울,0.0,76.39718806856553
5,42535,80103,113110,1400,1,70094,6,1,449,28.5,4,20230205,머니스톤,서울,90.9,88.99932478919487
5,42621,80512,106272,1400,1,70098,6,1,451,9.3,4,20230205,골드카이저,서울,91.2,88.99932478919487
3,45829,80576,10498,1400,2,70117,6,1,498,2.0,4,20230205,원더풀티지,서울,91.6,88.96738666245284
4,44803,80608,121013,1400,1,70145,6,1,458,10.4,4,20230205,베스트플랜,서울,92.1,89.06545236693002
4,43904,80473,214708,1400,2,70103,6,1,473,14.1,4,20230205,우뚝,서울,92.6,88.80730156672158
4,44587,80587,105194,1400,1,70165,6,1,436,74.0,4,20230205,퀵실버,서울,92.7,89.3657704375283
4,44899,80434,121052,1400,3,70115,6,1,479,49.4,4,20230205,대륜함성,서울,92.8,88.80730156672158
3,46162,80122,121021,1400,3,70152,6,1,451,4.2,4,20230205,장흥클래스,서울,93.1,89.06545236693002
4,50160,80486,110004,1400,1,70177,6,1,436,13.8,4,20230205,러피언이글,서울,93.5,89.3657704375283
4,44856,80294,105175,1400,1,70145,6,1,469,33.0,4,20230205,연희사랑,서울,94.3,88.80730156672158
4,44428,80584,111006,1400,1,70146,6,1,493,29.2,4,20230205,야무진새강자,서울,94.7,88.80730156672158
4,44718,80476,117025,1400,1,70149,6,1,445,39.8,4,20230205,미라클케이,서울,96.2,89.06545236693002
3,45369,80513,111067,1300,2,70115,6,1,461,3.3,5,20230205,베스트선,서울,83.3,82.66067537228236
4,44591,80576,114019,1300,2,70098,6,1,476,16.1,5,20230205,뉴청파,서울,83.3,82.40252457207392
5,42139,80578,118003,1300,2,70179,6,1,466,6.3,5,20230205,스마트파워,서울,83.6,82.54166944124296
3,46536,80530,106045,1300,2,70117,6,1,488,11.3,5,20230205,월드킹맨,서울,83.7,82.40252457207392
5,43053,80547,104053,1300,2,70114,6,1,484,21.3,5,20230205,마에스트로,서울,83.9,82.3880333587077
3,45418,80550,122001,1300,2,70177,6,1,467,2.6,5,20230205,시크릿플레이,서울,84.0,82.40252457207392
8,36943,80294,111035,1300,2,70096,6,1,488,124.2,5,20230205,스트롱러너,서울,84.0,82.33639699433877
4,45155,80608,10226,1300,3,70182,6,1,466,26.4,5,20230205,항구스타,서울,84.1,82.76788211470937
4,43937,80337,10542,1300,2,70152,6,1,486,18.1,5,20230205,대천뷰티,서울,84.2,82.56260966780518
5,42737,80473,65122,1300,2,70163,6,1,496,37.3,5,20230205,더파이팅,서울,84.3,82.3880333587077
3,45350,80562,114004,1300,1,70175,6,1,461,15.3,5,20230205,크레이지러브,서울,84.7,82.66067537228236
4,43765,80515,116049,1300,1,70146,6,1,468,95.4,5,20230205,갈색향기,서울,86.2,82.40252457207392
4,44556,80584,105187,1200,1,70244,6,1,463,2.7,6,20230205,희망가득,서울,75.7,76.09686999796725
4,44259,80550,109017,1200,1,70144,6,1,472,5.8,6,20230205,천리총,서울,76.2,75.8387191977588
4,44213,80122,104038,1200,1,70053,6,1,480,13.1,6,20230205,별빛마루,서울,76.3,75.89035556212774
4,43982,80578,10801,1200,1,70164,6,1,466,26.5,6,20230205,엠제이타임,서울,76.4,76.09562800903193
4,44129,80552,104074,1200,1,70199,6,1,433,68.0,6,20230205,비플라워,서울,76.6,76.44882443293446
4,44339,80417,121021,1200,1,70148,6,1,475,14.6,6,20230205,작두콩,서울,76.7,75.8387191977588
4,43829,80513,65110,1200,1,70091,6,1,476,16.2,6,20230205,우주의봄,서울,76.8,75.89035556212774
10,33142,80515,10457,1200,1,70114,6,1,449,69.6,6,20230205,파티파워,서울,77.3,76.49025206571152
4,43941,80530,114026,1200,1,70181,6,1,444,4.1,6,20230205,톱포지션,서울,77.4,76.13689041364673
5,43145,80533,113008,1200,1,70166,6,1,462,64.5,6,20230205,뉴스마트,서울,77.7,75.94871122003342
3,46144,80103,121008,1200,1,70094,6,1,473,5.8,6,20230205,한강질주,서울,77.8,75.8387191977588
5,42477,80562,117016,1200,1,70108,6,1,460,16.7,7,20230205,구억마알,서울,75.7,75.94871122003342
4,44853,80579,103012,1200,2,70244,6,1,491,5.4,7,20230205,비제이스톰,서울,75.7,75.89035556212774
6,41258,80578,65110,1200,2,70091,6,1,474,11.4,7,20230205,다이아키,서울,75.7,75.74219678419391
3,46086,80103,121049,1200,1,70095,6,1,475,4.0,7,20230205,라온포레스트,서울,75.8,75.8387191977588
5,46258,80608,110017,1200,2,70200,6,1,511,14.7,7,20230205,그레이트선더,서울,76.1,75.69056041982498
4,44698,80342,10815,1200,2,70148,6,1,459,4.8,7,20230205,두손판타스틱,서울,76.2,76.14850636233618
4,44100,80486,117013,1200,2,70145,6,1,505,4.8,7,20230205,새내파워풀,서울,76.4,75.8387191977588
7,39554,80598,113002,1200,2,70161,6,1,489,50.6,7,20230205,피렌체힐,서울,76.7,75.69056041982498
5,43137,80337,65060,1200,2,70085,6,1,492,13.6,7,20230205,록파이터,서울,77.3,75.74219678419391
4,44797,80530,65122,1200,1,70181,6,1,426,57.8,7,20230205,콩코드스파크,서울,77.5,76.44882443293446
6,41280,80515,113039,1200,1,70145,6,1,478,32.5,7,20230205,안양호랑이,서울,78.2,75.69056041982498
6,40650,80434,10496,1200,3,70182,6,1,477,25.0,7,20230205,초토마,서울,78.7,75.882225357626
7,38756,80122,105151,1600,3,70110,6,1,458,11.9,8,20230205,논스톱위닝,서울,102.9,101.13473336715582
4,46509,80576,111006,1600,3,70146,6,1,502,3.6,8,20230205,야무진재수,서울,102.9,101.00216749020102
6,40701,80593,111044,1600,1,70265,6,1,439,4.5,8,20230205,청담탱크,서울,103.1,101.31599209257466
5,46313,80578,110034,1600,1,70179,6,1,452,21.7,8,20230205,제다이포스,서울,103.7,101.13473336715582
5,42021,80547,110058,1600,2,70179,6,1,508,13.7,8,20230205,마이윈,서울,103.8,100.87658256694738
5,43282,80438,10352,1600,1,70175,6,1,456,2.7,8,20230205,해피삭스,서울,103.9,101.32639830495684
5,45112,80337,214774,1600,1,70152,6,1,491,19.2,8,20230205,별나라비마,서울,104.1,100.87658256694738
5,42589,80608,10644,1600,2,70200,6,1,516,28.3,8,20230205,신의한수,서울,104.3,100.92821893131631
5,42297,80550,65118,1600,2,70166,6,1,494,51.8,8,20230205,나인아이,서울,105.8,100.92821893131631
6,41885,80598,113134,1600,3,70199,6,1,530,13.3,8,20230205,아메리칸포스원,서울,106.0,100.87658256694738
6,40921,80593,111044,1700,3,70175,6,1,458,10.1,9,20230205,슈퍼엑톤,서울,112.6,112.39306781910882
6,40842,80547,111028,1700,1,70179,6,1,477,5.3,9,20230205,어메이징위즈,서울,112.8,112.18779537220463
3,45726,80476,114013,1700,2,70149,6,1,463,2.6,9,20230205,위너영,서울,112.8,112.51865274236246
5,42132,80608,106017,1700,2,70166,6,1,489,23.0,9,20230205,라스트보스,서울,113.3,112.18779537220463
4,44881,80417,109001,1700,2,70182,6,1,470,4.6,9,20230205,골든아너,서울,113.4,112.31338029545827
6,41391,80598,104040,1700,1,70181,6,1,530,25.2,9,20230205,전정사금,서울,113.4,112.23943173657356
5,42419,80550,105180,1700,1,70177,6,1,416,27.6,9,20230205,태양타고,서울,113.7,112.6933858897071
4,44245,80530,121047,1700,1,70244,6,1,434,8.0,9,20230205,블랙마스크,서울,114.6,112.81897081296074
4,44552,80435,65096,1700,2,70103,6,1,495,38.0,9,20230205,금성맨,서울,114.6,112.3650166598272
5,42186,80513,119026,1700,1,70181,6,1,482,39.6,9,20230205,티나,서울,115.1,112.18779537220463
4,43883,80405,112270,1700,1,70197,6,1,444,19.1,9,20230205,메이블레이드,서울,115.3,112.55867315804194
5,42881,80294,110050,1700,1,70145,6,1,465,58.0,9,20230205,배다리캔디,서울,115.6,112.39306781910882
6,43436,80342,111044,1800,3,70265,6,1,548,3.4,10,20230205,장산몬스터,서울,119.7,117.26457511630325
4,43712,80417,122009,1800,2,70094,6,1,462,8.0,10,20230205,용암보스,서울,120.0,117.43349555032137
5,44926,80434,10578,1800,3,70175,6,1,484,35.0,10,20230205,빅야크,서울,120.4,117.31621148067218
5,42131,80103,114017,1800,3,70161,6,1,505,5.6,10,20230205,좋은관계,서울,120.5,117.26457511630325
7,38539,80473,119016,1800,2,70163,6,1,468,18.5,10,20230205,만석지기,서울,120.7,117.26457511630325
5,42593,80122,118020,1800,2,70170,6,1,481,2.9,10,20230205,럭키월드,서울,120.7,117.26457511630325
5,42638,80550,105161,1800,1,70114,6,1,440,52.7,10,20230205,아침함성,서울,121.3,117.4178921252801
6,41467,80562,10476,1800,1,70149,6,1,498,30.7,10,20230205,운외창천,서울,121.4,117.46420756514263
6,43527,80405,10421,1800,3,70175,6,1,485,33.0,10,20230205,빅트리플,서울,121.5,117.46420756514263
5,42278,80438,10641,1800,1,70198,6,1,491,52.8,10,20230205,쿨프린세스,서울,122.0,117.31621148067218
5,45146,80476,10815,1800,2,70148,6,1,525,31.9,10,20230205,두손장군,서울,122.3,117.31621148067218
6,43631,80515,105222,1800,2,70095,6,1,497,10.5,10,20230205,문학드림,서울,122.4,117.26457511630325
5,44969,80417,118017,1400,2,70170,6,1,503,6.7,11,20230205,레전드데이,서울,87.2,88.74117398898643
6,43582,80342,113005,1400,3,70160,6,1,447,8.1,11,20230205,마이티고,서울,87.2,88.99932478919487
6,40558,80103,121049,1400,3,70095,6,1,430,3.9,11,20230205,라온탑맨,서울,87.4,89.29964285979315
7,41598,80530,111008,1400,3,70152,6,1,522,13.6,11,20230205,왕벚꽃,서울,87.7,88.74117398898643
7,41697,80434,10801,1400,3,70225,6,1,511,65.8,11,20230205,엠제이파워,서울,87.8,88.79281035335536
4,44143,80608,106198,1400,2,70148,6,1,518,17.4,11,20230205,원평가속,서울,87.9,88.80730156672158
7,38763,80550,10244,1400,3,70200,6,1,523,84.2,11,20230205,플래티넘유로,서울,87.9,88.93283892678745
6,40566,80486,113004,1400,1,70053,6,1,552,7.4,11,20230205,고업,서울,88.0,88.74117398898643
7,39422,80337,116057,1400,3,70091,6,1,502,45.6,11,20230205,백색광채,서울,88.0,88.74117398898643
6,40517,80438,118001,1400,2,70170,6,1,513,7.4,11,20230205,메니히어로,서울,88.1,88.74117398898643
6,43590,80513,111022,1400,2,70225,6,1,473,14.4,11,20230205,프리맥스,서울,88.3,88.74117398898643
5,45655,80562,121047,1400,2,70174,6,1,481,4.9,11,20230205,최고레이스,서울,89.0,88.74117398898643
3,46066,80587,104121,1200,2,70165,6,1,466,6.6,1,20230204,에스아이코코,서울,74.3,76.09562800903193
3,45247,80476,119036,1200,2,70148,6,1,519,4.8,1,20230204,스마티파이터,서울,76.1,75.8387191977588
3,46201,80579,105008,1200,2,70053,6,1,452,85.2,1,20230204,최강나이스,서울,76.6,76.14850636233618
3,46387,80562,104096,1200,1,70199,6,1,503,47.2,1,20230204,은빛돌풍,서울,76.7,75.89035556212774
3,46008,80533,65133,1200,2,70197,6,1,474,1.4,1,20230204,리치게이트,서울,76.7,75.89035556212774
3,45934,80550,112005,1200,2,70177,6,1,444,25.0,1,20230204,비전파워,서울,77.4,76.13689041364673
3,47376,80582,110017,1200,3,70244,6,1,467,43.7,1,20230204,선더프린스,서울,77.6,75.8387191977588
3,45574,80486,65154,1200,3,70117,6,1,469,30.5,1,20230204,희망의찬가,서울,77.7,75.89035556212774
3,45936,80513,113032,1200,2,70170,6,1,510,19.9,1,20230204,천지스카이,서울,78.1,75.8387191977588
3,46611,80515,10226,1200,2,70110,6,1,537,57.5,1,20230204,골드참,서울,78.2,75.99880429349007
3,45958,80530,10422,1200,2,70160,6,1,438,235.6,1,20230204,온더록스,서울,78.4,76.43821381911735
3,45722,80562,110034,1200,1,70175,6,1,479,13.8,2,20230204,폴인러브,서울,75.4,75.8387191977588
3,45328,80486,113039,1200,1,70145,6,1,476,1.7,2,20230204,안양폭격기,서울,76.3,75.8387191977588
3,45802,80598,10264,1200,1,70177,6,1,432,56.3,2,20230204,바람의향기,서울,77.0,76.55727316429679
3,46405,80576,105222,1200,1,70164,6,1,461,5.6,2,20230204,문학센트럴,서울,77.1,76.09686999796725
3,45923,80438,122001,1200,1,70198,6,1,462,4.1,2,20230204,레이디태풍,서울,77.4,76.09686999796725
3,46598,80533,10418,1200,1,70198,6,1,431,51.2,2,20230204,찬란한불꽃,서울,77.6,76.55727316429679
3,46117,80417,116047,1200,1,70170,6,1,488,29.2,2,20230204,메니샤크,서울,77.9,75.8387191977588
3,45172,80103,106025,1200,1,70095,6,1,416,20.0,2,20230204,라온더플래터,서울,78.0,76.39718806856553
3,45877,80579,111053,1200,1,70265,6,1,456,87.1,2,20230204,지르콘,서울,79.1,76.09686999796725
3,46473,80405,106016,1200,1,70197,6,1,468,47.2,2,20230204,황금꽃,서울,79.2,75.8387191977588
3,46245,80587,114021,1200,1,70165,6,1,473,99.0,2,20230204,행운바람,서울,89.2,75.8387191977588
3,45818,80486,117013,1300,2,70145,6,1,481,2.2,3,20230204,새내칸,서울,82.9,82.40252457207392
3,46091,80438,121006,1300,2,70198,6,1,456,4.2,3,20230204,불의날개,서울,83.3,82.66067537228236
3,46297,80361,117025,1300,2,70091,6,1,481,9.5,3,20230204,레전드케이,서울,83.7,82.40252457207392
3,46268,80434,65099,1300,3,70168,6,1,542,9.0,3,20230204,블랙건,서울,83.9,82.45416093644285
3,46016,80122,121021,1300,2,70085,6,1,454,69.3,3,20230204,대흥클래스,서울,84.4,82.66067537228236
3,45615,80476,105211,1300,3,70181,6,1,504,4.1,3,20230204,거센챔프,서울,84.5,82.40252457207392
3,1400811,80417,106168,1300,2,70225,6,1,477,66.1,3,20230204,새터데이,서울,84.9,82.96948377617609
3,45928,80513,113020,1300,2,70179,6,1,480,29.7,3,20230204,골든스나이퍼,서울,85.0,82.40252457207392
3,46221,80405,10352,1300,1,70167,6,1,452,67.6,3,20230204,스마트삭스,서울,85.2,82.82076046801362
3,45590,80515,111006,1300,3,70146,6,1,457,58.8,3,20230204,아르고꾸숑,서울,85.3,82.66067537228236
3,45404,80434,65112,1300,3,70115,6,1,458,3.7,4,20230204,정우포에버,서울,83.5,82.71231173665129
4,44731,80579,106272,1300,1,70053,6,1,460,9.4,4,20230204,특급대로,서울,83.9,82.66067537228236
3,45193,80530,65118,1300,1,70198,6,1,484,44.8,4,20230204,캐츠우먼,서울,83.9,82.45416093644285
5,42321,80608,116043,1300,3,70198,6,1,481,5.8,4,20230204,투에이스,서울,84.5,82.33639699433877
3,45882,80435,10538,1300,1,70103,6,1,414,5.7,4,20230204,테스메리,서울,84.6,83.1210785386119
4,43682,80294,105270,1300,1,70085,6,1,470,14.9,4,20230204,바람살,서울,84.7,82.40252457207392
4,44404,80438,121019,1300,1,70168,6,1,471,13.1,4,20230204,아치신,서울,85.0,82.40252457207392
4,44532,80122,114004,1300,3,70096,6,1,485,15.5,4,20230204,네버네버스톱,서울,85.3,82.40252457207392
6,40549,80552,109023,1300,1,70165,6,1,426,13.7,4,20230204,대승가온,서울,85.4,82.89486586514549
4,45095,80547,65160,1300,1,70179,6,1,425,30.9,4,20230204,시티참,서울,85.6,83.01262980724957
3,46296,80486,110050,1300,1,70145,6,1,500,8.2,4,20230204,배다리공주,서울,85.7,82.40252457207392
4,43812,80533,65093,1300,1,70157,6,1,451,14.7,4,20230204,매직모카신,서울,85.7,82.71231173665129
3,45783,80513,117017,1200,2,70170,6,1,474,2.4,5,20230204,슈퍼피니시,서울,75.6,75.8387191977588
3,45333,80361,121002,1200,2,70149,6,1,479,4.8,5,20230204,히트파워,서울,76.1,75.8387191977588
5,42292,80337,119010,1200,3,70085,6,1,500,11.4,5,20230204,카우보이탱고,서울,76.7,75.69056041982498
4,43950,80405,104038,1200,2,70110,6,1,460,61.5,5,20230204,큐피드보우,서울,76.9,76.14850636233618
5,42187,80593,119036,1200,2,70164,6,1,499,47.5,5,20230204,문학포리스트,서울,77.1,75.69056041982498
3,45804,80578,65096,1200,2,70164,6,1,490,4.0,5,20230204,금성시대,서울,77.3,75.89035556212774
5,43193,80550,109017,1200,2,70144,6,1,478,14.4,5,20230204,데스크탑,서울,77.3,75.69056041982498
4,44267,80547,117011,1200,2,70145,6,1,479,33.9,5,20230204,챈슬러,서울,77.4,75.8387191977588
3,45225,80103,105263,1200,1,70148,6,1,475,9.4,5,20230204,빅스마트,서울,77.5,75.8387191977588
4,44019,80434,121019,1200,1,70175,6,1,421,41.1,5,20230204,송암베스트,서울,77.7,76.39718806856553
4,43480,80530,105113,1200,1,70165,6,1,501,38.9,5,20230204,매직주드,서울,78.5,75.89035556212774
3,45915,80417,116042,1400,1,70179,6,1,486,4.3,6,20230204,타우루스퀸,서울,89.0,88.80730156672158
4,44386,80598,106223,1400,1,70164,6,1,440,12.0,6,20230204,위대한한마,서울,89.9,89.1754338651424
3,45315,80576,111006,1400,1,70146,6,1,477,10.9,6,20230204,아르고공주,서울,90.0,88.80730156672158
5,43168,80579,106045,1400,1,70117,6,1,486,47.7,6,20230204,브이퀸,서울,90.1,88.74117398898643
3,45763,80405,117038,1400,1,70181,6,1,464,2.4,6,20230204,금아얼루어,서울,90.7,89.01257401362577
5,42662,80529,119014,1400,1,70167,6,1,471,57.0,6,20230204,델피니,서울,90.8,88.74117398898643
5,43434,80337,104148,1400,1,70091,6,1,473,82.0,6,20230204,다울퀸,서울,90.8,88.79281035335536
4,45101,80578,10226,1400,1,70160,6,1,454,50.6,6,20230204,콰이어트참,서울,91.0,89.22553746266128
3,45808,80593,105239,1400,1,70175,6,1,462,4.3,6,20230204,신의반전,서울,91.6,89.06545236693002
5,42325,80438,121048,1400,1,70166,6,1,443,29.2,6,20230204,비엔토,서울,91.9,89.03934520487435
4,43927,80550,111044,1400,1,70200,6,1,473,11.9,6,20230204,서니블레이드,서울,92.4,88.80730156672158
3,46388,80486,105188,1400,2,70145,6,1,471,1.7,7,20230204,섬싱로스트,서울,88.2,88.80730156672158
4,43796,80582,111053,1400,2,70265,6,1,499,23.1,7,20230204,더리퍼,서울,88.7,88.80730156672158
4,44204,80473,121049,1400,1,70095,6,1,450,4.1,7,20230204,라온더펄,서울,88.8,89.06545236693002
4,43727,80417,111042,1400,2,70182,6,1,490,9.1,7,20230204,테스고대보,서울,88.9,88.80730156672158
4,44107,80103,118001,1400,1,70165,6,1,489,20.1,7,20230204,오천복,서울,89.4,88.80730156672158
6,41395,80405,10205,1400,2,70110,6,1,476,41.8,7,20230204,경부도령,서울,90.0,88.93283892678745
5,43207,80337,105161,1400,3,70094,6,1,456,14.2,7,20230204,콜조이,서울,90.2,88.99932478919487
5,43008,80513,111007,1400,2,70181,6,1,473,21.2,7,20230204,이무기,서울,90.3,88.74117398898643
4,44689,80608,10486,1400,3,70108,6,1,507,28.4,7,20230204,런보이런,서울,90.3,88.96738666245284
6,41045,80476,10578,1400,2,70148,6,1,496,62.6,7,20230204,땡큐대천,서울,90.3,88.79281035335536
5,42282,80533,110028,1400,1,70198,6,1,477,60.6,7,20230204,플라잉풀문,서울,91.5,88.74117398898643
4,44502,80562,121025,1400,1,70091,6,1,0,0.0,7,20230204,신한특송,서울,0.0,2.2950896267128216
5,43314,80438,113038,1400,1,70108,6,1,480,2.8,8,20230204,더퀸저스티스,서울,89.1,88.74117398898643
5,43417,80405,111426,1400,3,70110,6,1,471,8.5,8,20230204,별빛보석,서울,89.2,88.74117398898643
7,41754,80578,10517,1400,2,70160,6,1,455,13.0,8,20230204,아르폰스,서울,89.2,89.1909897269959
6,41018,80473,116049,1400,3,70148,6,1,483,60.1,8,20230204,알찬누리,서울,89.9,88.74117398898643
5,43166,80547,117013,1400,2,70145,6,1,502,21.2,8,20230204,새내윈,서울,90.0,88.74117398898643
6,43516,80530,113007,1400,2,70174,6,1,499,18.2,8,20230204,로열태리,서울,90.1,88.74117398898643
5,42918,80434,10578,1400,2,70175,6,1,476,16.7,8,20230204,어서와,서울,90.3,88.79281035335536
5,42051,80515,106047,1400,3,70117,6,1,467,49.1,8,20230204,스타워즈,서울,90.5,88.74117398898643
4,43834,80476,65116,1400,2,70198,6,1,464,58.5,8,20230204,마이티선샤인,서울,90.7,89.0642103779947
6,43515,80608,119034,1400,3,70174,6,1,481,7.0,8,20230204,옥룡,서울,90.8,88.74117398898643
3,51985,80417,110034,1400,1,70179,6,1,457,3.3,8,20230204,메디치울프,서울,91.0,89.06545236693002
5,44927,80579,111053,1400,3,70265,6,1,467,32.7,8,20230204,청춘비바,서울,92.5,88.74117398898643
3,45223,80530,105263,1700,2,70165,6,1,507,3.6,9,20230204,모닝프린스,서울,113.0,112.31338029545827
5,42702,80342,117014,1700,3,70157,6,1,505,4.5,9,20230204,정문최강,서울,113.5,112.18779537220463
4,43879,80608,119010,1700,1,70197,6,1,441,11.9,9,20230204,너를응원해,서울,113.9,112.55867315804194
4,44675,80598,121048,1700,2,70166,6,1,488,22.3,9,20230204,펀크레이지,서울,114.2,112.31338029545827
4,44373,80533,117023,1700,2,70145,6,1,507,27.4,9,20230204,내길의별,서울,114.3,112.31338029545827
5,42004,80578,30013,1700,2,70110,6,1,530,69.5,9,20230204,빛나는질주,서울,114.4,112.23943173657356
4,43799,80434,214774,1700,2,70182,6,1,448,2.4,9,20230204,케이엔티즈원,서울,114.6,112.51865274236246
5,43181,80473,105180,1700,2,70103,6,1,436,49.3,9,20230204,지금여기에,서울,114.9,112.6933858897071
5,45457,80587,121005,1700,2,70150,6,1,495,29.4,9,20230204,제이에스군황,서울,115.1,112.18779537220463
5,42052,80515,214126,1700,3,70146,6,1,466,13.5,9,20230204,블로마인드,서울,115.4,112.39306781910882
5,43124,80337,65012,1700,3,70144,6,1,466,65.6,9,20230204,클라우터,서울,115.5,112.44470418347775
7,39133,80435,105180,1700,2,70103,6,1,486,73.4,9,20230204,페더럴캣,서울,116.5,112.18779537220463
4,44317,80562,121047,1800,2,70174,6,1,451,8.1,10,20230204,최고블랙,서울,119.7,117.43349555032137
4,45088,80476,113038,1800,2,70108,6,1,529,2.4,10,20230204,더블에지,서울,120.0,117.39016003955689
4,44526,80576,106198,1800,2,70148,6,1,513,4.2,10,20230204,원평코드,서울,120.2,117.39016003955689
6,41253,80337,122700,1800,2,70096,6,1,484,80.0,10,20230204,에이피파텍,서울,120.6,117.26457511630325
5,42957,80405,119012,1800,1,70165,6,1,462,22.1,10,20230204,천마비상,서울,120.9,117.30791062706773
4,44358,80417,65060,1800,1,70094,6,1,468,8.2,10,20230204,라스트펀치,서울,121.0,117.44179640392582
6,41199,80438,119010,1800,3,70163,6,1,489,5.9,10,20230204,톱시드,서울,121.0,117.26457511630325
5,42554,80587,106204,1800,1,70160,6,1,472,18.0,10,20230204,원더풀데블,서울,121.2,117.26457511630325
5,42063,80529,111022,1800,1,70199,6,1,537,84.0,10,20230204,드림맥스,서울,121.3,117.26457511630325
5,43125,80578,65012,1800,1,70091,6,1,481,97.4,10,20230204,농본바다,서울,121.3,117.31621148067218
6,41041,80513,105239,1800,3,70225,6,1,491,36.6,10,20230204,만세,서울,121.3,117.26457511630325
5,43138,80593,111007,1800,2,70181,6,1,496,64.5,10,20230204,청산강호,서울,122.1,117.26457511630325
5,42114,80405,65112,1200,2,70117,6,1,507,7.2,11,20230204,동진최강,서울,73.6,75.74219678419391
5,42825,80476,121021,1200,3,70148,6,1,493,6.5,11,20230204,흥드림,서울,74.3,75.69056041982498
5,45455,80337,119037,1200,3,70170,6,1,515,9.8,11,20230204,볼트맨,서울,74.7,75.69056041982498
6,41898,80579,105231,1200,1,70163,6,1,462,17.4,11,20230204,금자유,서울,74.8,75.94871122003342
4,44108,80513,118001,1200,1,70146,6,1,519,13.3,11,20230204,네모프린세스,서울,74.8,75.8387191977588
5,42576,80486,105239,1200,3,70225,6,1,489,2.1,11,20230204,바이스로이,서울,74.8,75.69056041982498
7,41606,80438,121013,1200,2,70161,6,1,498,16.2,11,20230204,문학파이어,서울,74.9,75.69056041982498
5,42344,80584,121014,1200,1,70164,6,1,448,14.2,11,20230204,럭키재산,서울,75.4,75.94871122003342
7,38894,80533,10498,1200,1,70144,6,1,467,54.4,11,20230204,원더풀루비,서울,75.5,75.882225357626
6,41304,80103,106025,1200,3,70095,6,1,444,19.6,11,20230204,라온패션,서울,75.8,75.9887316357129
6,43453,80550,109027,1200,3,70168,6,1,516,28.4,11,20230204,스피돔,서울,76.2,75.69056041982498
5,43351,80562,117025,1200,2,70091,6,1,466,60.8,11,20230204,원더풀케이,서울,77.0,75.89583286672917
4,43685,80533,121021,1400,1,70197,6,1,497,4.2,12,20230204,참좋은친구,서울,88.0,88.80730156672158
5,42354,80582,119017,1400,2,70244,6,1,455,14.1,12,20230204,벌말대장,서울,88.4,88.99932478919487
5,42961,80578,10496,1400,1,70164,6,1,476,9.6,12,20230204,최강퀸,서울,88.4,88.93283892678745
4,44628,80417,106084,1400,2,70179,6,1,473,3.2,12,20230204,파워박스,서울,89.0,88.80730156672158
5,43082,80562,119030,1400,2,70174,6,1,464,18.1,12,20230204,온포인트,서울,89.0,88.94644643589062
4,46513,80608,119013,1400,2,70117,6,1,502,3.9,12,20230204,천지광풍,서울,89.1,88.80730156672158
6,40386,80547,116049,1400,1,70225,6,1,463,72.1,12,20230204,탁트인,서울,89.5,88.99932478919487
5,45121,80515,114026,1400,2,70146,6,1,504,39.6,12,20230204,스프링꿈,서울,89.6,88.74117398898643
6,43513,80486,113007,1400,3,70168,6,1,508,9.8,12,20230204,로열엘비스,서울,90.4,88.74117398898643
5,42618,80579,105119,1400,1,70165,6,1,453,45.7,12,20230204,모스트스피드,서울,90.4,89.0509611535638
6,40272,80550,10355,1400,2,70199,6,1,504,32.3,12,20230204,컴플리트캡틴,서울,90.7,88.93283892678745
6,40786,80512,105249,1400,3,70198,6,1,503,60.1,12,20230204,라이드럭키,서울,92.3,88.74117398898643
